id_bdq,foco_id,lat,lon,data_pas,pais,estado,municipio,bioma
 1615095772 ,d3679f6a-ee2a-3579-8771-2d3e499c5a72,   -5.756570 ,  -35.619470 ,2023-01-03 16:20:00,Brasil,RIO GRANDE DO NORTE,IELMO MARINHO,Caatinga
 1615095777 ,9eb0d5f1-4398-3063-90cb-4e20077784f6,   -6.256220 ,  -37.857510 ,2023-01-03 16:20:00,Brasil,RIO GRANDE DO NORTE,ANTÔNIO MARTINS,Caatinga
 1615095784 ,4de5c090-35cc-36a9-b20f-21a44dbb4d0b,   -6.257500 ,  -37.866440 ,2023-01-03 16:20:00,Brasil,RIO GRANDE DO NORTE,ANTÔNIO MARTINS,Caatinga
 1615095787 ,abc8fc93-f1ab-3626-9fb0-e1a0164b1439,   -5.760380 ,  -35.612220 ,2023-01-03 16:20:00,Brasil,RIO GRANDE DO NORTE,IELMO MARINHO,Caatinga
 1615355299 ,99bea09c-2bbb-362b-aab5-33c05fa544e8,   -6.538370 ,  -37.404800 ,2023-01-05 16:05:00,Brasil,RIO GRANDE DO NORTE,SERRA NEGRA DO NORTE,Caatinga
 1615355302 ,b89a89ef-3fec-3514-8fc8-cde1e3e6507b,   -6.538770 ,  -37.410140 ,2023-01-05 16:05:00,Brasil,RIO GRANDE DO NORTE,SERRA NEGRA DO NORTE,Caatinga
 1615355303 ,5e301d96-875d-3858-9689-4dd0bff1df51,   -6.539890 ,  -37.415970 ,2023-01-05 16:05:00,Brasil,RIO GRANDE DO NORTE,SERRA NEGRA DO NORTE,Caatinga
 1615355364 ,54e52110-6bec-35bf-8534-7fad2e77d6e2,   -5.347150 ,  -37.795170 ,2023-01-05 16:05:00,Brasil,RIO GRANDE DO NORTE,APODI,Caatinga
 1615355366 ,9cd36a46-40a3-3541-9fec-e6f8cb96419d,   -5.348730 ,  -37.806490 ,2023-01-05 16:05:00,Brasil,RIO GRANDE DO NORTE,APODI,Caatinga
 1615355386 ,4f6800c5-d5d2-33cf-a8d0-4c5e1eee1fba,   -6.230880 ,  -37.843550 ,2023-01-05 16:05:00,Brasil,RIO GRANDE DO NORTE,ANTÔNIO MARTINS,Caatinga
 1615355387 ,63c46c75-e336-34ab-811f-f86a6861a4f0,   -6.232470 ,  -37.855290 ,2023-01-05 16:05:00,Brasil,RIO GRANDE DO NORTE,ANTÔNIO MARTINS,Caatinga
 1615355389 ,1b5bbe73-310b-3f67-a366-d26ba1d7c629,   -6.233490 ,  -37.848670 ,2023-01-05 16:05:00,Brasil,RIO GRANDE DO NORTE,ANTÔNIO MARTINS,Caatinga
 1615488571 ,2972c0c2-eb62-3687-8d81-78546747319e,   -5.373720 ,  -37.801450 ,2023-01-06 16:47:00,Brasil,RIO GRANDE DO NORTE,APODI,Caatinga
 1615488574 ,d5773090-d3a4-328f-a410-233c40a2922e,   -6.150320 ,  -38.423700 ,2023-01-06 16:47:00,Brasil,RIO GRANDE DO NORTE,DOUTOR SEVERIANO,Caatinga
 1615614378 ,d4271ff4-c864-3085-8679-2ef9f76a45bf,   -6.393340 ,  -38.471530 ,2023-01-07 15:52:00,Brasil,RIO GRANDE DO NORTE,LUÍS GOMES,Caatinga
 1615614381 ,84f3e677-9e32-383e-9408-8f51e4520ee4,   -5.235680 ,  -35.591000 ,2023-01-07 15:52:00,Brasil,RIO GRANDE DO NORTE,TOUROS,Caatinga
 1615977670 ,e53c5043-7094-3f9e-a69f-19a51c108580,   -5.625960 ,  -37.754460 ,2023-01-10 16:22:00,Brasil,RIO GRANDE DO NORTE,APODI,Caatinga
 1615977683 ,b5787b1e-bdb4-3a57-93bb-b195cf6b199e,   -6.085320 ,  -35.489000 ,2023-01-10 16:22:00,Brasil,RIO GRANDE DO NORTE,MONTE ALEGRE,Caatinga
 1615977684 ,c5168bbc-58e1-3385-b087-c7ca29d05b72,   -6.093630 ,  -35.476080 ,2023-01-10 16:22:00,Brasil,RIO GRANDE DO NORTE,MONTE ALEGRE,Caatinga
 1615977685 ,911d7da9-b74d-30dc-98a3-188e2823d789,   -6.095310 ,  -35.487410 ,2023-01-10 16:22:00,Brasil,RIO GRANDE DO NORTE,MONTE ALEGRE,Caatinga
 1615977695 ,f9138dea-9861-3550-bbe3-4f90a1a88b62,   -6.307730 ,  -38.390830 ,2023-01-10 16:22:00,Brasil,RIO GRANDE DO NORTE,RIACHO DE SANTANA,Caatinga
 1615977697 ,b90f7af9-fa92-35ca-97d0-4ea086b9cac4,   -6.309030 ,  -38.399780 ,2023-01-10 16:22:00,Brasil,RIO GRANDE DO NORTE,RIACHO DE SANTANA,Caatinga
 1616190339 ,5a9f7a8c-949f-3e74-ba45-2bdba9e046f5,   -5.255630 ,  -37.441250 ,2023-01-12 16:09:00,Brasil,RIO GRANDE DO NORTE,MOSSORÓ,Caatinga
 1616190340 ,a62a8c92-515b-30b6-ab89-b5ec5a118e53,   -5.257020 ,  -37.451170 ,2023-01-12 16:09:00,Brasil,RIO GRANDE DO NORTE,MOSSORÓ,Caatinga
 1616190344 ,87419bc0-79c4-3936-bc0a-47322b042302,   -6.039180 ,  -37.855980 ,2023-01-12 16:09:00,Brasil,RIO GRANDE DO NORTE,UMARIZAL,Caatinga
 1616190345 ,87016ecc-a8e2-340d-a5d4-9b6e46c4620a,   -5.976320 ,  -37.473690 ,2023-01-12 16:09:00,Brasil,RIO GRANDE DO NORTE,JANDUÍS,Caatinga
 1616190346 ,9f002791-61e8-3187-997c-3ea09fe30f7e,   -6.032730 ,  -35.271710 ,2023-01-12 16:09:00,Brasil,RIO GRANDE DO NORTE,SÃO JOSÉ DE MIPIBU,Mata Atlântica
 1616190348 ,66ec59dc-93d2-3a8d-a285-9a5f8cea02c2,   -6.130830 ,  -37.922190 ,2023-01-12 16:09:00,Brasil,RIO GRANDE DO NORTE,MARTINS,Caatinga
 1616190379 ,5962172b-7762-3b16-9864-1534c18af7a6,   -6.418850 ,  -38.310100 ,2023-01-12 16:09:00,Brasil,RIO GRANDE DO NORTE,MAJOR SALES,Caatinga
 1616190380 ,096c9601-b0b3-3be4-bc0d-2fb1dc28196a,   -6.471510 ,  -36.666440 ,2023-01-12 16:09:00,Brasil,RIO GRANDE DO NORTE,ACARI,Caatinga
 1617187529 ,03e4337c-15fc-38d8-a994-83cf2caac12d,   -5.231770 ,  -35.729990 ,2023-01-21 15:56:00,Brasil,RIO GRANDE DO NORTE,SÃO MIGUEL DO GOSTOSO,Caatinga
 1617867883 ,2c5ef918-b2ac-320a-b441-e5e418fe69c6,   -6.294800 ,  -35.236980 ,2023-01-28 16:00:00,Brasil,RIO GRANDE DO NORTE,GOIANINHA,Mata Atlântica
 1618083051 ,0bbce085-f8f9-3900-91ee-8bb331d2fa03,   -5.342440 ,  -35.470030 ,2023-01-30 15:48:00,Brasil,RIO GRANDE DO NORTE,PUREZA,Mata Atlântica
 1618083052 ,12e6dc0f-65d6-303c-a493-86c9d40a8f30,   -6.535450 ,  -35.274020 ,2023-01-30 15:48:00,Brasil,RIO GRANDE DO NORTE,MONTANHAS,Caatinga
 1618083053 ,91fb6a72-d324-346f-97d7-db3529f88a8e,   -6.542540 ,  -35.279950 ,2023-01-30 15:48:00,Brasil,RIO GRANDE DO NORTE,MONTANHAS,Caatinga
 1618218504 ,db8dbec9-40fd-32d8-9e21-5d19401d2683,   -6.057370 ,  -37.543720 ,2023-01-31 16:28:00,Brasil,RIO GRANDE DO NORTE,MESSIAS TARGINO,Caatinga
 1618427259 ,9b831c94-bf24-3185-b937-41362e79f833,   -5.036190 ,  -37.419880 ,2023-02-02 16:17:00,Brasil,RIO GRANDE DO NORTE,MOSSORÓ,Caatinga
 1618427279 ,d20a88fa-90c3-3e92-aa83-329dc8d3b61f,   -5.270740 ,  -36.938080 ,2023-02-02 16:17:00,Brasil,RIO GRANDE DO NORTE,SERRA DO MEL,Caatinga
 1618427327 ,7bc35139-a06e-3516-8a90-5cd013c252f2,   -5.279700 ,  -36.936760 ,2023-02-02 16:17:00,Brasil,RIO GRANDE DO NORTE,SERRA DO MEL,Caatinga
 1618427374 ,057fef6d-5324-3dd5-ab74-cb090e53a1ed,   -5.350070 ,  -35.786430 ,2023-02-02 16:17:00,Brasil,RIO GRANDE DO NORTE,TOUROS,Caatinga
 1618427426 ,84dadbd0-53ea-3a39-b537-71bfbf390122,   -5.357860 ,  -35.775600 ,2023-02-02 16:17:00,Brasil,RIO GRANDE DO NORTE,TOUROS,Caatinga
 1618427458 ,07729062-8fe5-3f5f-a607-50f85731c54e,   -5.359260 ,  -35.785080 ,2023-02-02 16:17:00,Brasil,RIO GRANDE DO NORTE,TOUROS,Caatinga
 1618720243 ,d6c7c22d-ac02-301b-a637-2dd07094cc0d,   -5.692430 ,  -37.395240 ,2023-02-04 16:05:00,Brasil,RIO GRANDE DO NORTE,UPANEMA,Caatinga
 1619406305 ,7bc1798c-63b6-3c55-a180-946e1b66a274,   -5.727070 ,  -37.406800 ,2023-02-09 16:20:00,Brasil,RIO GRANDE DO NORTE,UPANEMA,Caatinga
 1619406308 ,bca98e3f-361a-393f-8b58-6e9e96781572,   -6.093750 ,  -35.569950 ,2023-02-09 16:20:00,Brasil,RIO GRANDE DO NORTE,JANUÁRIO CICCO,Caatinga
 1619669549 ,4cda2962-0cf4-362f-929a-9269123dad8e,   -6.578740 ,  -37.365330 ,2023-02-11 16:05:00,Brasil,RIO GRANDE DO NORTE,SERRA NEGRA DO NORTE,Caatinga
 1619669546 ,3664f495-71d2-3834-b9e1-e5c43ad01c4e,   -5.416300 ,  -36.802570 ,2023-02-11 16:05:00,Brasil,RIO GRANDE DO NORTE,AFONSO BEZERRA,Caatinga
 1619669543 ,55518e69-1b60-33d6-8604-2aeb5b4f3e75,   -5.270790 ,  -35.529420 ,2023-02-11 16:05:00,Brasil,RIO GRANDE DO NORTE,TOUROS,Caatinga
 1619669544 ,a2a536ee-698c-320e-bc19-5b1a1861c8d2,   -5.414820 ,  -36.792180 ,2023-02-11 16:05:00,Brasil,RIO GRANDE DO NORTE,AFONSO BEZERRA,Caatinga
 1620140486 ,659de480-9af6-3608-9d99-af17784a9453,   -5.658710 ,  -37.533570 ,2023-02-14 16:34:00,Brasil,RIO GRANDE DO NORTE,CARAÚBAS,Caatinga
 1621962444 ,8c38cddd-fb93-30c8-8688-4ddac2806045,   -5.476410 ,  -35.660060 ,2023-02-27 15:56:00,Brasil,RIO GRANDE DO NORTE,PUREZA,Caatinga
 1621962455 ,794c28a9-0ccf-39a1-9e4f-d87f9787e494,   -5.478180 ,  -35.672530 ,2023-02-27 15:56:00,Brasil,RIO GRANDE DO NORTE,POÇO BRANCO,Caatinga
 1621962464 ,4369ecf8-9b94-359a-ad50-bf2b7799d0b3,   -5.482930 ,  -35.666370 ,2023-02-27 15:56:00,Brasil,RIO GRANDE DO NORTE,POÇO BRANCO,Caatinga
 1621962473 ,d8975dcb-b916-3377-be08-d94793597381,   -5.486890 ,  -35.658540 ,2023-02-27 15:56:00,Brasil,RIO GRANDE DO NORTE,POÇO BRANCO,Caatinga
 1621962481 ,71cd3881-7afd-34a0-b323-542345fd86c1,   -5.488670 ,  -35.671020 ,2023-02-27 15:56:00,Brasil,RIO GRANDE DO NORTE,POÇO BRANCO,Caatinga
 1622439470 ,e3698ff9-2307-3607-a43e-c35065d636b5,   -5.204980 ,  -37.174010 ,2023-03-04 16:11:00,Brasil,RIO GRANDE DO NORTE,MOSSORÓ,Caatinga
 1626785448 ,84826e5d-b2e4-3061-a2bd-4ddbf1f4b580,   -5.103710 ,  -36.180740 ,2023-04-12 15:48:00,Brasil,RIO GRANDE DO NORTE,GALINHOS,Caatinga
 1628844860 ,f0eca16d-61fd-345f-ad24-255e4d4e4c6d,   -5.211470 ,  -36.947820 ,2023-05-03 15:48:00,Brasil,RIO GRANDE DO NORTE,SERRA DO MEL,Caatinga
 1629213606 ,242ecc84-5f4a-3729-a33e-ad9155e27fc9,   -5.786390 ,  -36.007420 ,2023-05-06 16:18:00,Brasil,RIO GRANDE DO NORTE,CAIÇARA DO RIO DO VENTO,Caatinga
 1630375467 ,231efdf9-82f5-3d69-ad94-de2b9d05b7d1,   -5.153060 ,  -36.678740 ,2023-05-16 16:45:00,Brasil,RIO GRANDE DO NORTE,MACAU,Caatinga
 1631965772 ,a7d8487a-32e5-3ae6-aae3-ae02142ffadf,   -6.539790 ,  -37.471250 ,2023-06-01 16:30:00,Brasil,RIO GRANDE DO NORTE,SERRA NEGRA DO NORTE,Caatinga
 1632206886 ,adae4bb8-6f13-37e2-8c38-2780338d3108,   -5.171780 ,  -35.858460 ,2023-06-03 16:18:00,Brasil,RIO GRANDE DO NORTE,PEDRA GRANDE,Caatinga
 1632207110 ,7c687716-f5b3-3d29-a812-d8456070acc4,   -5.889700 ,  -35.539530 ,2023-06-03 16:18:00,Brasil,RIO GRANDE DO NORTE,SÃO PEDRO,Caatinga
 1632404318 ,2b103111-4935-3c58-9e59-1fd5f606ec39,   -5.297300 ,  -35.606690 ,2023-06-05 16:03:00,Brasil,RIO GRANDE DO NORTE,TOUROS,Caatinga
 1633963356 ,8dec2853-9c43-3e38-9cb8-1807132eb68e,   -6.543940 ,  -37.461430 ,2023-06-19 16:01:00,Brasil,RIO GRANDE DO NORTE,SERRA NEGRA DO NORTE,Caatinga
 1633963357 ,5078f5dc-25c8-3b54-a702-6430e5404728,   -6.546240 ,  -37.478410 ,2023-06-19 16:01:00,Brasil,RIO GRANDE DO NORTE,SERRA NEGRA DO NORTE,Caatinga
 1635653262 ,d2a85c29-98f5-3814-8554-fceb2bf8580e,   -6.460990 ,  -38.216320 ,2023-07-02 16:54:00,Brasil,RIO GRANDE DO NORTE,TENENTE ANANIAS,Caatinga
 1637257142 ,5f9a0c02-c959-363a-9c0c-0ff6e18d1eed,   -5.070020 ,  -37.594520 ,2023-07-11 16:39:00,Brasil,RIO GRANDE DO NORTE,BARAÚNA,Caatinga
 1637465523 ,64d9a93b-cec1-3ffc-a6fb-34ba7aadb783,   -5.349420 ,  -35.573860 ,2023-07-12 15:44:00,Brasil,RIO GRANDE DO NORTE,PUREZA,Caatinga
 1637465527 ,aaae1245-215f-3932-b76a-dfe3e6965d1e,   -5.349130 ,  -35.580970 ,2023-07-12 15:44:00,Brasil,RIO GRANDE DO NORTE,PUREZA,Caatinga
 1638112922 ,39b5744f-4c4f-3326-9f28-78c800c6bd1b,   -6.405090 ,  -35.339700 ,2023-07-15 16:11:00,Brasil,RIO GRANDE DO NORTE,NOVA CRUZ,Caatinga
 1639438857 ,a741d2ad-5e58-300d-8b0b-34fa8b68eba5,   -6.069290 ,  -35.578800 ,2023-07-22 16:09:00,Brasil,RIO GRANDE DO NORTE,BOM JESUS,Caatinga
 1639992460 ,b44675a6-c756-396e-ade5-35985cc49e4a,   -6.549430 ,  -37.418170 ,2023-07-25 16:37:00,Brasil,RIO GRANDE DO NORTE,SERRA NEGRA DO NORTE,Caatinga
 1640473499 ,0cddd57b-0f3c-3f2a-ae47-43fe3e77d2b6,   -6.082270 ,  -35.486160 ,2023-07-29 16:09:00,Brasil,RIO GRANDE DO NORTE,MONTE ALEGRE,Caatinga
 1640473500 ,91060274-d1ec-3670-ac9a-24b5c78d9488,   -5.737650 ,  -35.448830 ,2023-07-29 16:09:00,Brasil,RIO GRANDE DO NORTE,IELMO MARINHO,Caatinga
 1641091722 ,42a67299-0b5c-3cf1-a7ef-807cb09d676d,   -5.375750 ,  -36.000670 ,2023-07-27 16:24:00,Brasil,RIO GRANDE DO NORTE,PARAZINHO,Caatinga
 1653903653 ,58efb393-b868-3ae7-b459-2127cd97f503,   -6.346230 ,  -38.441200 ,2023-10-01 16:35:00,Brasil,RIO GRANDE DO NORTE,LUÍS GOMES,Caatinga
 1653903712 ,a9511438-d142-37c1-9535-1494af79a3d6,   -5.238030 ,  -37.422290 ,2023-10-01 16:35:00,Brasil,RIO GRANDE DO NORTE,MOSSORÓ,Caatinga
 1653903714 ,4594ecf7-9a6d-3f8d-acba-970b713f093a,   -5.200820 ,  -37.108650 ,2023-10-01 16:35:00,Brasil,RIO GRANDE DO NORTE,SERRA DO MEL,Caatinga
 1653903715 ,ec63bdfe-e261-347c-afa0-6369150bde2c,   -5.199340 ,  -37.098730 ,2023-10-01 16:35:00,Brasil,RIO GRANDE DO NORTE,SERRA DO MEL,Caatinga
 1653903716 ,2a43db60-9cc8-33ba-b3ab-527657ce5856,   -5.065520 ,  -37.049080 ,2023-10-01 16:35:00,Brasil,RIO GRANDE DO NORTE,SERRA DO MEL,Caatinga
 1653903717 ,5a96e070-d951-3b52-bd5a-e8bec6b97fb7,   -5.064060 ,  -37.039090 ,2023-10-01 16:35:00,Brasil,RIO GRANDE DO NORTE,SERRA DO MEL,Caatinga
 1653903718 ,ff467741-4877-3925-a860-f5dd24f70322,   -5.056090 ,  -37.050480 ,2023-10-01 16:35:00,Brasil,RIO GRANDE DO NORTE,AREIA BRANCA,Caatinga
 1653903719 ,36ff0d10-b85f-3b1b-8248-d6619c9f36e5,   -5.054620 ,  -37.040500 ,2023-10-01 16:35:00,Brasil,RIO GRANDE DO NORTE,AREIA BRANCA,Caatinga
 1654220521 ,edbd12d5-9d09-36a3-9ac0-19a247369c03,   -6.403050 ,  -38.377850 ,2023-10-03 16:20:00,Brasil,RIO GRANDE DO NORTE,LUÍS GOMES,Caatinga
 1654220522 ,7505611e-78d2-3012-b1cc-c4960ea61a4b,   -6.379130 ,  -35.183910 ,2023-10-03 16:20:00,Brasil,RIO GRANDE DO NORTE,CANGUARETAMA,Mata Atlântica
 1654220523 ,01b03d24-1ea8-3868-a52d-5f4817c4c6c6,   -6.377840 ,  -35.175000 ,2023-10-03 16:20:00,Brasil,RIO GRANDE DO NORTE,CANGUARETAMA,Mata Atlântica
 1654220529 ,672548dc-6c2e-3efc-ad72-412632238e24,   -6.272010 ,  -38.461510 ,2023-10-03 16:20:00,Brasil,RIO GRANDE DO NORTE,CORONEL JOÃO PESSOA,Caatinga
 1654220540 ,c14f902f-b622-3978-a350-6ae526082e33,   -6.016870 ,  -35.352530 ,2023-10-03 16:20:00,Brasil,RIO GRANDE DO NORTE,SÃO JOSÉ DE MIPIBU,Caatinga
 1654220544 ,d93fe6dd-080e-38f7-88ca-dd1e1d1607e2,   -5.381270 ,  -37.487160 ,2023-10-03 16:20:00,Brasil,RIO GRANDE DO NORTE,GOVERNADOR DIX-SEPT ROSADO,Caatinga
 1654576036 ,6e4429b3-3eb9-3bbf-83ed-cf007916abed,   -5.560170 ,  -37.386850 ,2023-10-05 16:05:00,Brasil,RIO GRANDE DO NORTE,UPANEMA,Caatinga
 1654576037 ,13818951-1e9c-3a8a-81e3-07c79b043e7a,   -5.289370 ,  -36.838930 ,2023-10-05 16:05:00,Brasil,RIO GRANDE DO NORTE,CARNAUBAIS,Caatinga
 1654576038 ,acab0764-928b-3b07-bad4-a4306e7d543f,   -5.287200 ,  -36.823150 ,2023-10-05 16:05:00,Brasil,RIO GRANDE DO NORTE,CARNAUBAIS,Caatinga
 1654576039 ,0fe2ab16-abe4-3551-b856-fd5935ab3adb,   -5.263050 ,  -36.310790 ,2023-10-05 16:05:00,Brasil,RIO GRANDE DO NORTE,GUAMARÉ,Caatinga
 1654576040 ,032cfb70-39e4-3f3a-9e00-aeb658bf74c7,   -5.263020 ,  -36.317410 ,2023-10-05 16:05:00,Brasil,RIO GRANDE DO NORTE,GUAMARÉ,Caatinga
 1654760871 ,221dba84-17a1-3d35-986b-8faff25406a4,   -6.119810 ,  -38.462990 ,2023-10-06 16:45:00,Brasil,RIO GRANDE DO NORTE,DOUTOR SEVERIANO,Caatinga
 1654760911 ,25caf4e0-f5da-3b83-9bba-812778eebec0,   -5.833750 ,  -36.968480 ,2023-10-06 16:45:00,Brasil,RIO GRANDE DO NORTE,SÃO RAFAEL,Caatinga
 1654760912 ,6b3531b3-968e-3208-9f87-63448878e3cd,   -5.826190 ,  -36.974660 ,2023-10-06 16:45:00,Brasil,RIO GRANDE DO NORTE,JUCURUTU,Caatinga
 1654760913 ,b0b1ddd1-26cb-3cf0-9e87-3120d5a560de,   -5.823820 ,  -36.959020 ,2023-10-06 16:45:00,Brasil,RIO GRANDE DO NORTE,SÃO RAFAEL,Caatinga
 1654760914 ,50a16eb0-18f0-34cc-a409-300bcad70946,   -5.822150 ,  -36.969700 ,2023-10-06 16:45:00,Brasil,RIO GRANDE DO NORTE,SÃO RAFAEL,Caatinga
 1655154116 ,0b0f30a2-c0a1-330c-ad6b-b69381b83aa2,   -6.442260 ,  -38.220250 ,2023-10-08 16:33:00,Brasil,RIO GRANDE DO NORTE,TENENTE ANANIAS,Caatinga
 1655154117 ,d1d666e7-6574-30c8-88c7-b3078dd36cd9,   -6.401800 ,  -38.444780 ,2023-10-08 16:33:00,Brasil,RIO GRANDE DO NORTE,LUÍS GOMES,Caatinga
 1655154121 ,d33f08cf-6dcb-3121-b799-398d00233505,   -6.051210 ,  -37.113610 ,2023-10-08 16:33:00,Brasil,RIO GRANDE DO NORTE,JUCURUTU,Caatinga
 1655154122 ,6e267350-ca84-31a4-98f8-293de271a1c5,   -6.049840 ,  -37.104300 ,2023-10-08 16:33:00,Brasil,RIO GRANDE DO NORTE,JUCURUTU,Caatinga
 1655154127 ,ca59f552-3763-3e00-804d-6dc9ab54fee9,   -5.819440 ,  -36.980220 ,2023-10-08 16:33:00,Brasil,RIO GRANDE DO NORTE,JUCURUTU,Caatinga
 1655154147 ,782f0bac-6f90-39f7-9175-f691970d603c,   -5.206150 ,  -36.874390 ,2023-10-08 16:33:00,Brasil,RIO GRANDE DO NORTE,CARNAUBAIS,Caatinga
 1655154149 ,ae6fd4fe-9b5b-3c0b-b5a3-c330e67c4e6b,   -5.144240 ,  -37.337460 ,2023-10-08 16:33:00,Brasil,RIO GRANDE DO NORTE,MOSSORÓ,Caatinga
 1655154150 ,49720464-9fe5-3aac-aab3-ac7b6188c57a,   -5.041980 ,  -37.393080 ,2023-10-08 16:33:00,Brasil,RIO GRANDE DO NORTE,MOSSORÓ,Caatinga
 1655154155 ,c61afd94-a902-3060-9378-b5acf752ba52,   -4.905000 ,  -37.334580 ,2023-10-08 16:33:00,Brasil,RIO GRANDE DO NORTE,TIBAU,Caatinga
 1655462021 ,44194e61-986c-3a3c-9c5d-7e8e29865306,   -5.978170 ,  -37.112760 ,2023-10-10 16:18:00,Brasil,RIO GRANDE DO NORTE,JUCURUTU,Caatinga
 1655462029 ,5ce63f3f-c9a7-3e88-9c10-51c09182bd7f,   -5.363570 ,  -36.877460 ,2023-10-10 16:18:00,Brasil,RIO GRANDE DO NORTE,CARNAUBAIS,Caatinga
 1655462030 ,32c9a9cb-fc1b-31fc-88f8-1d4e1f11e63e,   -5.362130 ,  -36.867280 ,2023-10-10 16:18:00,Brasil,RIO GRANDE DO NORTE,CARNAUBAIS,Caatinga
 1655462031 ,67c1be03-a4f4-3724-996b-1328af882ed9,   -5.354060 ,  -36.878810 ,2023-10-10 16:18:00,Brasil,RIO GRANDE DO NORTE,CARNAUBAIS,Caatinga
 1655462038 ,3cdfeb3c-d985-314b-b211-22d2a96181cd,   -5.281110 ,  -36.033110 ,2023-10-10 16:18:00,Brasil,RIO GRANDE DO NORTE,CAIÇARA DO NORTE,Caatinga
 1655462042 ,f3be3760-e245-3359-bb57-5b14765dbab0,   -5.104040 ,  -36.921590 ,2023-10-10 16:18:00,Brasil,RIO GRANDE DO NORTE,PORTO DO MANGUE,Caatinga
 1655462043 ,5412aed0-f1da-3955-a2f1-0a4c5955dfdc,   -5.102610 ,  -36.911490 ,2023-10-10 16:18:00,Brasil,RIO GRANDE DO NORTE,PORTO DO MANGUE,Caatinga
 1655700592 ,addd5707-9fbc-34c4-8df0-dbd5ba4d9165,   -6.553860 ,  -37.397150 ,2023-10-11 16:56:00,Brasil,RIO GRANDE DO NORTE,SERRA NEGRA DO NORTE,Caatinga
 1655852249 ,e38545cf-a353-38e6-82e0-ffb74974e26e,   -6.236650 ,  -35.595540 ,2023-10-12 16:01:00,Brasil,RIO GRANDE DO NORTE,SERRINHA,Caatinga
 1655852250 ,67b02ea5-f245-3851-bbc6-cd4bb77db7e0,   -6.228060 ,  -35.601970 ,2023-10-12 16:01:00,Brasil,RIO GRANDE DO NORTE,SERRINHA,Caatinga
 1655852251 ,360bec4e-2783-3fb9-b9d9-2b9078f6ce88,   -6.225920 ,  -35.586850 ,2023-10-12 16:01:00,Brasil,RIO GRANDE DO NORTE,SERRINHA,Caatinga
 1655852252 ,bc888df4-7b33-34f2-9603-bcefdf70f21b,   -6.225200 ,  -35.597080 ,2023-10-12 16:01:00,Brasil,RIO GRANDE DO NORTE,SERRINHA,Caatinga
 1655852253 ,37727c82-4553-3829-afcc-4e243361ae0a,   -6.223170 ,  -35.581950 ,2023-10-12 16:01:00,Brasil,RIO GRANDE DO NORTE,SERRINHA,Caatinga
 1655852254 ,2ea15e07-8f15-31d0-99e6-a709cf031d3e,   -5.810270 ,  -36.996800 ,2023-10-12 16:01:00,Brasil,RIO GRANDE DO NORTE,AÇU,Caatinga
 1655852255 ,334bc813-800d-3ee7-9fe3-13de7a2e203a,   -5.807750 ,  -36.978200 ,2023-10-12 16:01:00,Brasil,RIO GRANDE DO NORTE,AÇU,Caatinga
 1656002526 ,4828dba5-7dc7-30d0-bbe5-70ab3d5cc2aa,   -6.556370 ,  -37.408860 ,2023-10-13 16:41:00,Brasil,RIO GRANDE DO NORTE,SERRA NEGRA DO NORTE,Caatinga
 1656002532 ,365c3382-9a92-3a76-bf59-139c1c181caa,   -6.282270 ,  -38.549920 ,2023-10-13 16:41:00,Brasil,RIO GRANDE DO NORTE,SÃO MIGUEL,Caatinga
 1656002557 ,72d2d6e3-2834-30d6-89f3-685924a41849,   -5.391440 ,  -35.787730 ,2023-10-13 16:43:00,Brasil,RIO GRANDE DO NORTE,TOUROS,Caatinga
 1656002558 ,3cbb25d9-b7c4-3149-bb5c-b76ea15c56dc,   -5.387150 ,  -35.794060 ,2023-10-13 16:43:00,Brasil,RIO GRANDE DO NORTE,TOUROS,Caatinga
 1656002563 ,7df199f6-2e14-3f4e-84af-ff3514b9b0a5,   -5.249170 ,  -36.938580 ,2023-10-13 16:43:00,Brasil,RIO GRANDE DO NORTE,SERRA DO MEL,Caatinga
 1656168488 ,e06c820a-2c1e-3a45-a494-90d85f092b3a,   -4.997370 ,  -36.899890 ,2023-10-14 15:46:00,Brasil,RIO GRANDE DO NORTE,PORTO DO MANGUE,Caatinga
 1656168532 ,348642a6-6a75-30eb-8b5f-b5367ab632d6,   -5.001650 ,  -36.895690 ,2023-10-14 15:46:00,Brasil,RIO GRANDE DO NORTE,PORTO DO MANGUE,Caatinga
 1656318874 ,83282bfa-6aa0-34e9-8edb-44bca2d6bfe1,   -6.240220 ,  -38.435670 ,2023-10-15 16:28:00,Brasil,RIO GRANDE DO NORTE,CORONEL JOÃO PESSOA,Caatinga
 1656318880 ,04873911-66a7-349b-bf91-41a31654cd04,   -5.410870 ,  -35.381030 ,2023-10-15 16:28:00,Brasil,RIO GRANDE DO NORTE,RIO DO FOGO,Mata Atlântica
 1656318881 ,5c4266a1-946b-369f-9973-c442c3f31360,   -5.402900 ,  -35.392510 ,2023-10-15 16:28:00,Brasil,RIO GRANDE DO NORTE,RIO DO FOGO,Mata Atlântica
 1656318882 ,7bc12807-d38a-3fef-888b-7e91d511d49c,   -5.401420 ,  -35.382430 ,2023-10-15 16:28:00,Brasil,RIO GRANDE DO NORTE,RIO DO FOGO,Mata Atlântica
 1656318883 ,06fe3c57-ec7d-37f7-a7ed-7562f99461ab,   -5.393460 ,  -35.393900 ,2023-10-15 16:28:00,Brasil,RIO GRANDE DO NORTE,RIO DO FOGO,Mata Atlântica
 1656318884 ,98954089-3cb7-32e6-bb04-86d7343fafc6,   -5.385510 ,  -35.405340 ,2023-10-15 16:28:00,Brasil,RIO GRANDE DO NORTE,RIO DO FOGO,Mata Atlântica
 1656318886 ,ac39eaec-cd0c-3a6f-ac1b-bdb3e4e9afa5,   -5.296510 ,  -37.061920 ,2023-10-15 16:28:00,Brasil,RIO GRANDE DO NORTE,AÇU,Caatinga
 1656318893 ,519cf235-9546-3c31-8e71-43e7c4d5f987,   -5.120240 ,  -36.864940 ,2023-10-15 16:28:00,Brasil,RIO GRANDE DO NORTE,PORTO DO MANGUE,Caatinga
 1656318896 ,8d8dbbf4-ed14-3d87-b2d2-f682fc62ba61,   -4.985160 ,  -36.888060 ,2023-10-15 16:28:00,Brasil,RIO GRANDE DO NORTE,PORTO DO MANGUE,Caatinga
 1656318897 ,41ae6115-6744-3117-8db7-31f1b0eded32,   -4.976190 ,  -36.889400 ,2023-10-15 16:28:00,Brasil,RIO GRANDE DO NORTE,PORTO DO MANGUE,Caatinga
 1656478179 ,2561a909-f661-33d2-8218-6806fc33d34a,   -6.377490 ,  -38.459030 ,2023-10-16 17:09:00,Brasil,RIO GRANDE DO NORTE,LUÍS GOMES,Caatinga
 1656631577 ,034d94c9-22da-3313-8fbc-06ef713edd9f,   -6.373140 ,  -38.460920 ,2023-10-17 16:13:00,Brasil,RIO GRANDE DO NORTE,LUÍS GOMES,Caatinga
 1656631594 ,b6b7b3e3-078b-3d95-ad04-0d83d53bfaf0,   -5.480190 ,  -37.588180 ,2023-10-17 16:13:00,Brasil,RIO GRANDE DO NORTE,FELIPE GUERRA,Caatinga
 1656827259 ,aeacbc98-bc65-36e5-8e13-e42810076c48,   -6.402100 ,  -38.430150 ,2023-10-18 16:54:00,Brasil,RIO GRANDE DO NORTE,LUÍS GOMES,Caatinga
 1656827260 ,f9d80839-7dfc-3de4-a188-bed5d95cf290,   -6.400180 ,  -38.341210 ,2023-10-18 16:54:00,Brasil,RIO GRANDE DO NORTE,LUÍS GOMES,Caatinga
 1656827262 ,6fa60d03-48ad-3447-bcb2-c4e0b45d7586,   -6.365530 ,  -38.203110 ,2023-10-18 16:54:00,Brasil,RIO GRANDE DO NORTE,MARCELINO VIEIRA,Caatinga
 1656827266 ,d3b88c9d-9bab-3e04-ace0-f1c2448a7619,   -6.390340 ,  -38.385220 ,2023-10-18 16:54:00,Brasil,RIO GRANDE DO NORTE,LUÍS GOMES,Caatinga
 1656827267 ,6d591c24-7615-3e44-ad26-dc55d2602006,   -6.368680 ,  -38.404730 ,2023-10-18 16:54:00,Brasil,RIO GRANDE DO NORTE,LUÍS GOMES,Caatinga
 1656827268 ,5340955a-fe6e-397c-a088-e8a6aa7f25a3,   -6.345000 ,  -38.565880 ,2023-10-18 16:54:00,Brasil,RIO GRANDE DO NORTE,VENHA-VER,Caatinga
 1656827269 ,31a74bf3-baa2-3b20-a719-8f5bfb424418,   -6.338550 ,  -38.573840 ,2023-10-18 16:54:00,Brasil,RIO GRANDE DO NORTE,VENHA-VER,Caatinga
 1656827270 ,16d0039e-8c4e-3c06-83ae-fffd365f5ffc,   -6.322350 ,  -38.500580 ,2023-10-18 16:54:00,Brasil,RIO GRANDE DO NORTE,VENHA-VER,Caatinga
 1656827271 ,793d63c7-7239-3026-a8a9-a8760a43b8c0,   -6.398150 ,  -38.436130 ,2023-10-18 16:54:00,Brasil,RIO GRANDE DO NORTE,LUÍS GOMES,Caatinga
 1656827272 ,e150ac9e-72d5-39de-be47-732ee9eef747,   -6.363210 ,  -38.208430 ,2023-10-18 16:54:00,Brasil,RIO GRANDE DO NORTE,MARCELINO VIEIRA,Caatinga
 1656827275 ,4e3238a7-818c-3447-9b76-33e092de5132,   -6.337040 ,  -38.515900 ,2023-10-18 16:54:00,Brasil,RIO GRANDE DO NORTE,VENHA-VER,Caatinga
 1656827276 ,4c48b81f-453c-3c8d-ac35-ec5ce0ec2766,   -6.333030 ,  -38.567260 ,2023-10-18 16:54:00,Brasil,RIO GRANDE DO NORTE,VENHA-VER,Caatinga
 1656827277 ,3d600252-8f9d-39e4-adf7-8e5e4615b595,   -6.328370 ,  -38.506860 ,2023-10-18 16:54:00,Brasil,RIO GRANDE DO NORTE,VENHA-VER,Caatinga
 1656827280 ,7c49a4be-9819-3e0f-a140-5f61c0d566b7,   -6.412180 ,  -38.338700 ,2023-10-18 16:54:00,Brasil,RIO GRANDE DO NORTE,MAJOR SALES,Caatinga
 1656827281 ,39ccb30c-a3f6-3467-bfe4-2231080c57f9,   -6.368280 ,  -38.220130 ,2023-10-18 16:54:00,Brasil,RIO GRANDE DO NORTE,MARCELINO VIEIRA,Caatinga
 1656827283 ,39a5ec5d-585b-37a3-aca9-f40048b4a46c,   -6.334340 ,  -38.498970 ,2023-10-18 16:54:00,Brasil,RIO GRANDE DO NORTE,VENHA-VER,Caatinga
 1656827285 ,be4330d3-6ec8-336f-82e3-0b7d54b91d65,   -6.325800 ,  -38.489920 ,2023-10-18 16:54:00,Brasil,RIO GRANDE DO NORTE,VENHA-VER,Caatinga
 1657131231 ,38462379-1f1c-3ff5-bf8e-93b7ac1e173c,   -6.002350 ,  -36.977590 ,2023-10-20 16:39:00,Brasil,RIO GRANDE DO NORTE,JUCURUTU,Caatinga
 1657131246 ,79e0fa85-1573-319f-b5ac-3934e30e5035,   -6.378440 ,  -38.445110 ,2023-10-20 16:39:00,Brasil,RIO GRANDE DO NORTE,LUÍS GOMES,Caatinga
 1657131247 ,17aec027-79f0-3926-a4cf-7783cd80fc37,   -6.369140 ,  -38.446360 ,2023-10-20 16:39:00,Brasil,RIO GRANDE DO NORTE,LUÍS GOMES,Caatinga
 1657131248 ,92029110-f5ec-32a8-a5b3-826ae25775b9,   -6.344840 ,  -38.515980 ,2023-10-20 16:39:00,Brasil,RIO GRANDE DO NORTE,VENHA-VER,Caatinga
 1657131249 ,d1394cde-6899-3aff-a2c5-cc5102e656ee,   -6.344120 ,  -38.575080 ,2023-10-20 16:39:00,Brasil,RIO GRANDE DO NORTE,VENHA-VER,Caatinga
 1657131250 ,a1cd2a5d-d02b-3b80-b593-288761e1cbd4,   -6.329710 ,  -38.348930 ,2023-10-20 16:39:00,Brasil,RIO GRANDE DO NORTE,RIACHO DE SANTANA,Caatinga
 1657131251 ,4b47c87f-903f-3db3-9db0-cad95c33977b,   -6.242100 ,  -38.448350 ,2023-10-20 16:39:00,Brasil,RIO GRANDE DO NORTE,CORONEL JOÃO PESSOA,Caatinga
 1657131252 ,4df3e382-ee17-3a2e-b0e1-1fcd58d9b8bf,   -6.232840 ,  -38.449880 ,2023-10-20 16:39:00,Brasil,RIO GRANDE DO NORTE,CORONEL JOÃO PESSOA,Caatinga
 1657131253 ,406e120d-9070-3032-8586-b32be839f725,   -6.232250 ,  -38.509870 ,2023-10-20 16:39:00,Brasil,RIO GRANDE DO NORTE,SÃO MIGUEL,Caatinga
 1657131254 ,8683b7bd-f542-3e33-ab25-56976922c78c,   -6.226460 ,  -38.470830 ,2023-10-20 16:39:00,Brasil,RIO GRANDE DO NORTE,SÃO MIGUEL,Caatinga
 1657131255 ,45c8ce24-0c3a-3d81-a99c-2ef1d25e5823,   -6.225010 ,  -38.461090 ,2023-10-20 16:39:00,Brasil,RIO GRANDE DO NORTE,SÃO MIGUEL,Caatinga
 1657282073 ,ba19700a-721d-303e-a378-09c6a69fa6dc,   -5.091540 ,  -36.902000 ,2023-10-21 15:44:00,Brasil,RIO GRANDE DO NORTE,PORTO DO MANGUE,Caatinga
 1657282084 ,8b5f4939-d38c-37a8-a859-06a37b6dda4b,   -5.092980 ,  -36.905330 ,2023-10-21 15:44:00,Brasil,RIO GRANDE DO NORTE,PORTO DO MANGUE,Caatinga
 1657440971 ,3bcd2832-2909-3380-8e65-bff9c5c84548,   -6.400610 ,  -38.416060 ,2023-10-22 16:24:00,Brasil,RIO GRANDE DO NORTE,LUÍS GOMES,Caatinga
 1657440974 ,cf3aa322-0657-3036-b8f3-f1d159b23aa1,   -6.266920 ,  -38.193870 ,2023-10-22 16:24:00,Brasil,RIO GRANDE DO NORTE,MARCELINO VIEIRA,Caatinga
 1657440977 ,edfc0d63-1b2f-3753-a31f-dfcf2e9ec654,   -6.173800 ,  -38.450610 ,2023-10-22 16:24:00,Brasil,RIO GRANDE DO NORTE,SÃO MIGUEL,Caatinga
 1648277910 ,f78a88e6-b053-3a27-9066-eb7df7415dd7,   -6.255150 ,  -38.457870 ,2023-09-03 16:41:00,Brasil,RIO GRANDE DO NORTE,CORONEL JOÃO PESSOA,Caatinga
 1648277911 ,5a812ed0-c171-3cb8-b2e8-3228bc1725e5,   -6.253460 ,  -38.446490 ,2023-09-03 16:41:00,Brasil,RIO GRANDE DO NORTE,CORONEL JOÃO PESSOA,Caatinga
 1648277932 ,b132d6fd-60a3-3e70-a333-4451d6db3815,   -5.036040 ,  -36.915660 ,2023-09-03 16:41:00,Brasil,RIO GRANDE DO NORTE,SERRA DO MEL,Caatinga
 1648277933 ,6cc46ec6-f646-3a32-b47b-cf29d23e53da,   -5.033710 ,  -36.900710 ,2023-09-03 16:41:00,Brasil,RIO GRANDE DO NORTE,PORTO DO MANGUE,Caatinga
 1648277934 ,1c75d865-591f-3173-8191-336331c7eb98,   -5.024730 ,  -36.917420 ,2023-09-03 16:41:00,Brasil,RIO GRANDE DO NORTE,SERRA DO MEL,Caatinga
 1648277935 ,ed413cfe-e996-3e52-8075-af0e6a67f37e,   -5.023230 ,  -36.909250 ,2023-09-03 16:41:00,Brasil,RIO GRANDE DO NORTE,SERRA DO MEL,Caatinga
 1648277936 ,608861b3-e7d3-3979-b571-c194b6aafb14,   -5.022390 ,  -36.902460 ,2023-09-03 16:41:00,Brasil,RIO GRANDE DO NORTE,PORTO DO MANGUE,Caatinga
 1648277937 ,e8c84fe2-224c-3a73-aa05-ee8c2b9f8e65,   -5.020990 ,  -36.894210 ,2023-09-03 16:41:00,Brasil,RIO GRANDE DO NORTE,PORTO DO MANGUE,Caatinga
 1648277938 ,1f211e6d-3926-3db5-9383-0f5f5d53f675,   -5.011910 ,  -36.911020 ,2023-09-03 16:41:00,Brasil,RIO GRANDE DO NORTE,SERRA DO MEL,Caatinga
 1648277939 ,3314a160-c32d-3381-91fc-f9f48293dabc,   -5.011070 ,  -36.904210 ,2023-09-03 16:41:00,Brasil,RIO GRANDE DO NORTE,PORTO DO MANGUE,Caatinga
 1648277940 ,3a380eba-9400-31ab-88d5-27f26e662389,   -5.009660 ,  -36.895970 ,2023-09-03 16:41:00,Brasil,RIO GRANDE DO NORTE,PORTO DO MANGUE,Caatinga
 1648438518 ,c2132cac-8735-3ea5-8eba-1fd3c5bdb83e,   -6.231460 ,  -35.360790 ,2023-09-04 15:46:00,Brasil,RIO GRANDE DO NORTE,BREJINHO,Mata Atlântica
 1648438519 ,c4b528d2-d23d-3954-8abc-b510867dc877,   -6.227980 ,  -35.333360 ,2023-09-04 15:46:00,Brasil,RIO GRANDE DO NORTE,JUNDIÁ,Mata Atlântica
 1648438520 ,9e14ab79-7e85-3511-bd56-b2e1ca09e1b1,   -6.227220 ,  -35.340580 ,2023-09-04 15:46:00,Brasil,RIO GRANDE DO NORTE,JUNDIÁ,Mata Atlântica
 1648438521 ,049105e5-960b-3510-8a22-cad71dd85586,   -5.030120 ,  -36.941610 ,2023-09-04 15:46:00,Brasil,RIO GRANDE DO NORTE,SERRA DO MEL,Caatinga
 1648438522 ,a848a8c2-9dd0-32c4-ab90-d7968e4d954d,   -5.025690 ,  -36.908100 ,2023-09-04 15:46:00,Brasil,RIO GRANDE DO NORTE,PORTO DO MANGUE,Caatinga
 1648438523 ,c599026b-b26e-3b34-8925-0f9da8cf97f5,   -5.018360 ,  -36.916330 ,2023-09-04 15:46:00,Brasil,RIO GRANDE DO NORTE,SERRA DO MEL,Caatinga
 1647730086 ,7b01c271-9afe-3634-883d-2e7d95b69a71,   -6.175490 ,  -36.515190 ,2023-08-31 16:16:00,Brasil,RIO GRANDE DO NORTE,CURRAIS NOVOS,Caatinga
 1647730136 ,bfca4b23-dc31-376c-ae3c-d03bbdb9496f,   -5.541270 ,  -37.379510 ,2023-08-31 16:16:00,Brasil,RIO GRANDE DO NORTE,UPANEMA,Caatinga
 1647730137 ,55307c84-3e67-3fe0-9b97-6f7604526bce,   -5.531600 ,  -37.380900 ,2023-08-31 16:16:00,Brasil,RIO GRANDE DO NORTE,UPANEMA,Caatinga
 1647730139 ,22f7296b-bbec-3181-a8c1-39df740b6bff,   -5.154450 ,  -37.336260 ,2023-08-31 16:16:00,Brasil,RIO GRANDE DO NORTE,MOSSORÓ,Caatinga
 1648689779 ,599a2e08-e169-3049-a0ed-06b3614d7b6d,   -6.166760 ,  -38.368660 ,2023-09-05 16:26:00,Brasil,RIO GRANDE DO NORTE,SÃO MIGUEL,Caatinga
 1649140567 ,795539a6-b0b8-32a6-98b2-77d8ae4ee9dd,   -6.323910 ,  -37.285310 ,2023-09-07 16:13:00,Brasil,RIO GRANDE DO NORTE,JARDIM DE PIRANHAS,Caatinga
 1649559898 ,0155f9b4-b599-3e22-a8ad-9f5398be3d21,   -6.115640 ,  -37.974890 ,2023-09-09 15:58:00,Brasil,RIO GRANDE DO NORTE,SERRINHA DOS PINTOS,Caatinga
 1649559899 ,6e10cd3f-9860-384b-9dae-992bb56dc4d6,   -5.959100 ,  -37.812660 ,2023-09-09 15:58:00,Brasil,RIO GRANDE DO NORTE,UMARIZAL,Caatinga
 1649559900 ,2231e9f6-81e4-3752-9dcf-e5864b869fd9,   -5.436690 ,  -37.520340 ,2023-09-09 15:58:00,Brasil,RIO GRANDE DO NORTE,GOVERNADOR DIX-SEPT ROSADO,Caatinga
 1657874524 ,ed71f9bc-faef-3f24-bd2f-d4cad993ea8d,   -6.486170 ,  -38.262760 ,2023-10-24 16:09:00,Brasil,RIO GRANDE DO NORTE,PARANÁ,Caatinga
 1657874531 ,541af44f-0e2b-3556-80d2-c40c3050f29d,   -6.387250 ,  -38.427900 ,2023-10-24 16:09:00,Brasil,RIO GRANDE DO NORTE,LUÍS GOMES,Caatinga
 1657874533 ,4b0aa934-f1ac-3799-90f4-a5d6f0f9741c,   -6.300250 ,  -38.464940 ,2023-10-24 16:09:00,Brasil,RIO GRANDE DO NORTE,CORONEL JOÃO PESSOA,Caatinga
 1657874535 ,7189a9b1-2c42-37f5-bf04-7374534e63fd,   -6.156960 ,  -38.263340 ,2023-10-24 16:09:00,Brasil,RIO GRANDE DO NORTE,ENCANTO,Caatinga
 1657874536 ,d1cc1a4b-7d73-345b-83dc-85177940cdaf,   -6.154700 ,  -38.246650 ,2023-10-24 16:09:00,Brasil,RIO GRANDE DO NORTE,PAU DOS FERROS,Caatinga
 1657874537 ,72bd056f-786c-36b5-b802-95e6a7b566fa,   -6.117590 ,  -38.378790 ,2023-10-24 16:09:00,Brasil,RIO GRANDE DO NORTE,DOUTOR SEVERIANO,Caatinga
 1657874539 ,57adcbfe-98c7-342d-9a5b-655c654eb843,   -6.115200 ,  -38.361620 ,2023-10-24 16:09:00,Brasil,RIO GRANDE DO NORTE,DOUTOR SEVERIANO,Caatinga
 1657874540 ,18468a37-e1f3-3bc5-a33c-1c0527b2189c,   -6.114690 ,  -38.447390 ,2023-10-24 16:09:00,Brasil,RIO GRANDE DO NORTE,DOUTOR SEVERIANO,Caatinga
 1657874545 ,cd2ed5c8-346b-3f47-9f2e-af483f3a4b9a,   -5.617630 ,  -35.407430 ,2023-10-24 16:09:00,Brasil,RIO GRANDE DO NORTE,CEARÁ-MIRIM,Caatinga
 1657874558 ,ec189af5-c0ae-3e87-9e92-abe560e68fa2,   -5.268610 ,  -36.039410 ,2023-10-24 16:09:00,Brasil,RIO GRANDE DO NORTE,CAIÇARA DO NORTE,Caatinga
 1657874559 ,9261c603-56d1-37e6-bfee-293bea78e054,   -5.267040 ,  -36.028050 ,2023-10-24 16:09:00,Brasil,RIO GRANDE DO NORTE,CAIÇARA DO NORTE,Caatinga
 1650011326 ,142c9a40-072e-39cc-9d7b-7688dd9b2fb7,   -5.256420 ,  -36.871000 ,2023-09-11 15:44:00,Brasil,RIO GRANDE DO NORTE,CARNAUBAIS,Caatinga
 1650011367 ,f3c88121-8354-3b9a-a138-d32ab6eb204d,   -5.261170 ,  -36.908460 ,2023-09-11 15:44:00,Brasil,RIO GRANDE DO NORTE,CARNAUBAIS,Caatinga
 1650527469 ,e44f9f6d-564a-34c9-b0ee-5a045c53ac4b,   -6.341600 ,  -38.513510 ,2023-09-14 16:11:00,Brasil,RIO GRANDE DO NORTE,VENHA-VER,Caatinga
 1650527473 ,81bdbf06-d927-3725-b0f7-b60e31ed8078,   -5.242060 ,  -37.345870 ,2023-09-14 16:11:00,Brasil,RIO GRANDE DO NORTE,MOSSORÓ,Caatinga
 1650694279 ,9a137715-e173-38f4-9575-68c8f50e7c7e,   -6.297020 ,  -38.536000 ,2023-09-15 16:52:00,Brasil,RIO GRANDE DO NORTE,VENHA-VER,Caatinga
 1650985094 ,3566360f-fb44-3fe1-83c4-984b263c00ba,   -5.631590 ,  -37.808200 ,2023-09-16 15:56:00,Brasil,RIO GRANDE DO NORTE,APODI,Caatinga
 1650985095 ,640f3f27-2404-3352-8e14-b0f5ad2d0dce,   -5.545700 ,  -36.765290 ,2023-09-16 15:56:00,Brasil,RIO GRANDE DO NORTE,IPANGUAÇU,Caatinga
 1651217428 ,2a8efc3f-a318-3a04-af50-707e50833ab5,   -4.999150 ,  -36.952080 ,2023-09-17 16:39:00,Brasil,RIO GRANDE DO NORTE,SERRA DO MEL,Caatinga
 1651217429 ,a9a0f68e-175a-3dfc-81ce-f787bd3c3d17,   -4.993530 ,  -36.915330 ,2023-09-17 16:39:00,Brasil,RIO GRANDE DO NORTE,SERRA DO MEL,Caatinga
 1651217430 ,ea26395d-814b-3f6f-bae5-67fcedd01664,   -4.990690 ,  -36.965770 ,2023-09-17 16:39:00,Brasil,RIO GRANDE DO NORTE,SERRA DO MEL,Caatinga
 1651217431 ,fee9516a-b502-3cd2-bc72-6ae9d0212c40,   -4.988820 ,  -36.953600 ,2023-09-17 16:39:00,Brasil,RIO GRANDE DO NORTE,SERRA DO MEL,Caatinga
 1651217432 ,11147dab-9afd-3c63-979e-1f5ffdf40b7e,   -4.986950 ,  -36.941440 ,2023-09-17 16:39:00,Brasil,RIO GRANDE DO NORTE,AREIA BRANCA,Caatinga
 1651217433 ,22594b87-5d6b-3a64-8923-dcbdb48f6410,   -4.983180 ,  -36.916850 ,2023-09-17 16:39:00,Brasil,RIO GRANDE DO NORTE,AREIA BRANCA,Caatinga
 1651217434 ,aaf796b0-6836-3eac-ab08-40230fa7df50,   -4.982940 ,  -36.959950 ,2023-09-17 16:39:00,Brasil,RIO GRANDE DO NORTE,AREIA BRANCA,Caatinga
 1651217435 ,b7e58ae4-ff63-3a1e-93dd-d4ae931d5db6,   -4.981150 ,  -36.947780 ,2023-09-17 16:39:00,Brasil,RIO GRANDE DO NORTE,AREIA BRANCA,Caatinga
 1651217436 ,664872b8-98b6-3eec-90af-5a2dd52d37d9,   -4.980360 ,  -36.967250 ,2023-09-17 16:39:00,Brasil,RIO GRANDE DO NORTE,AREIA BRANCA,Caatinga
 1651217437 ,9fb34e02-84bd-3e9d-b9f4-114a4ab4327b,   -4.979350 ,  -36.935550 ,2023-09-17 16:39:00,Brasil,RIO GRANDE DO NORTE,AREIA BRANCA,Caatinga
 1651217438 ,3bfd5032-8835-381e-8d74-e73b1d5d619c,   -4.978490 ,  -36.955090 ,2023-09-17 16:39:00,Brasil,RIO GRANDE DO NORTE,AREIA BRANCA,Caatinga
 1651217439 ,7acf402f-757e-3ba4-a888-184e3f2a3300,   -4.976620 ,  -36.942940 ,2023-09-17 16:39:00,Brasil,RIO GRANDE DO NORTE,AREIA BRANCA,Caatinga
 1651217440 ,3c9d10f7-284c-3244-8ada-94397b4e3af0,   -4.970810 ,  -36.949270 ,2023-09-17 16:39:00,Brasil,RIO GRANDE DO NORTE,AREIA BRANCA,Caatinga
 1651606060 ,e5db5d78-b5ed-3e65-9368-49127d128760,   -4.843520 ,  -37.292650 ,2023-09-19 16:24:00,Brasil,RIO GRANDE DO NORTE,TIBAU,Caatinga
 1651949400 ,e8553e7a-87b6-303e-8792-ea32a8ef78b8,   -5.912040 ,  -36.857030 ,2023-09-21 16:09:00,Brasil,RIO GRANDE DO NORTE,SÃO RAFAEL,Caatinga
 1651949413 ,74412b7d-b13d-3384-a258-08b52fbb65b3,   -5.115550 ,  -37.337650 ,2023-09-21 16:09:00,Brasil,RIO GRANDE DO NORTE,MOSSORÓ,Caatinga
 1651949416 ,aac38087-7b41-3f11-a95a-9abc5317d6da,   -5.000430 ,  -36.902720 ,2023-09-21 16:09:00,Brasil,RIO GRANDE DO NORTE,PORTO DO MANGUE,Caatinga
 1652514618 ,6434df9d-1a8c-3465-ad5e-c3b497184982,   -5.261510 ,  -36.878520 ,2023-09-23 15:54:00,Brasil,RIO GRANDE DO NORTE,CARNAUBAIS,Caatinga
 1652767807 ,4bb22885-9465-30b8-89c1-e5a06f916ad6,   -5.084350 ,  -36.902170 ,2023-09-24 16:37:00,Brasil,RIO GRANDE DO NORTE,PORTO DO MANGUE,Caatinga
 1652767808 ,a549f706-d2f1-3ca3-9fc1-e86200065249,   -5.082630 ,  -36.890940 ,2023-09-24 16:37:00,Brasil,RIO GRANDE DO NORTE,PORTO DO MANGUE,Caatinga
 1652767809 ,7847758b-42a0-39d4-85ad-3b11d9931dbc,   -5.082020 ,  -36.897830 ,2023-09-24 16:37:00,Brasil,RIO GRANDE DO NORTE,PORTO DO MANGUE,Caatinga
 1653148991 ,42c593b1-ca5a-333e-b24a-8d77cfcb6668,   -5.446540 ,  -36.660500 ,2023-09-26 16:22:00,Brasil,RIO GRANDE DO NORTE,AFONSO BEZERRA,Caatinga
 1653148992 ,8b747a8f-a841-3cca-a49e-da3cb6d88954,   -5.303060 ,  -37.332440 ,2023-09-26 16:22:00,Brasil,RIO GRANDE DO NORTE,MOSSORÓ,Caatinga
 1653148995 ,297ebca3-990c-3361-b5eb-44619a8bbbb3,   -5.264990 ,  -35.593650 ,2023-09-26 16:22:00,Brasil,RIO GRANDE DO NORTE,TOUROS,Caatinga
 1653148997 ,1c570223-96af-3deb-b6f6-849bb0bcee9a,   -5.187180 ,  -36.910010 ,2023-09-26 16:22:00,Brasil,RIO GRANDE DO NORTE,CARNAUBAIS,Caatinga
 1653616278 ,cdd1ba86-73c1-3e34-a22a-d0c261f717f2,   -6.459500 ,  -38.231670 ,2023-09-29 16:50:00,Brasil,RIO GRANDE DO NORTE,TENENTE ANANIAS,Caatinga
 1653616279 ,98c9e5dc-9c53-387c-a39d-cb411cada770,   -6.457370 ,  -38.217810 ,2023-09-29 16:50:00,Brasil,RIO GRANDE DO NORTE,TENENTE ANANIAS,Caatinga
 1653616280 ,a8ca8d5c-1605-341e-87cb-9cdc858b97d8,   -6.392560 ,  -38.472130 ,2023-09-29 16:50:00,Brasil,RIO GRANDE DO NORTE,LUÍS GOMES,Caatinga
 1653740075 ,82618538-524d-361a-aafd-c137355d5f79,   -6.311060 ,  -38.491460 ,2023-09-30 15:52:00,Brasil,RIO GRANDE DO NORTE,VENHA-VER,Caatinga
 1653740079 ,ad1abcc7-0700-388e-a86a-8fc04a00b697,   -5.050360 ,  -37.038040 ,2023-09-30 15:52:00,Brasil,RIO GRANDE DO NORTE,AREIA BRANCA,Caatinga
 1653740082 ,68d31b8c-f0ac-344e-84c5-fb99a28ab7fe,   -5.049050 ,  -37.031150 ,2023-09-30 15:52:00,Brasil,RIO GRANDE DO NORTE,AREIA BRANCA,Caatinga
 1653740085 ,632e5af7-6020-3c51-98d9-15daa6a4d79a,   -5.046320 ,  -37.009410 ,2023-09-30 15:52:00,Brasil,RIO GRANDE DO NORTE,SERRA DO MEL,Caatinga
 1653740126 ,a1385e1e-b4b8-3806-9829-0d7d81f4f79b,   -6.308190 ,  -38.500310 ,2023-09-30 15:52:00,Brasil,RIO GRANDE DO NORTE,VENHA-VER,Caatinga
 1653740131 ,d0be5dfb-aa2b-3ba3-952a-dd4a6a6d2126,   -6.316000 ,  -38.530570 ,2023-09-30 15:52:00,Brasil,RIO GRANDE DO NORTE,VENHA-VER,Caatinga
 1653740132 ,b0cf237f-12cc-3307-a811-41bf55513d0f,   -6.313350 ,  -38.539110 ,2023-09-30 15:52:00,Brasil,RIO GRANDE DO NORTE,VENHA-VER,Caatinga
 1653740139 ,f1c8e31a-5c76-317b-9c46-8b8614ab877b,   -5.045240 ,  -37.002640 ,2023-09-30 15:52:00,Brasil,RIO GRANDE DO NORTE,SERRA DO MEL,Caatinga
 1641478448 ,ee52fa41-40ca-3d9a-959f-7a753c79e57b,   -6.469100 ,  -38.231980 ,2023-08-01 16:37:00,Brasil,RIO GRANDE DO NORTE,TENENTE ANANIAS,Caatinga
 1641478449 ,75df8516-ca17-30ab-9fd6-c00a74f96bf9,   -6.467650 ,  -38.222150 ,2023-08-01 16:37:00,Brasil,RIO GRANDE DO NORTE,TENENTE ANANIAS,Caatinga
 1643426334 ,1b32a449-cdc7-319c-8c09-d598c82a9dd3,   -6.690020 ,  -37.212600 ,2023-08-10 16:20:00,Brasil,RIO GRANDE DO NORTE,SÃO JOÃO DO SABUGI,Caatinga
 1643426335 ,ca5937f5-81ba-30d8-962e-57bc70a3d3dc,   -6.339310 ,  -38.118870 ,2023-08-10 16:20:00,Brasil,RIO GRANDE DO NORTE,MARCELINO VIEIRA,Caatinga
 1643426336 ,8ea20ae7-8686-3ede-bb97-ddd2446babbf,   -6.299450 ,  -36.282490 ,2023-08-10 16:20:00,Brasil,RIO GRANDE DO NORTE,CAMPO REDONDO,Caatinga
 1643426337 ,0c2f397d-4ca9-36de-bb12-e378784fa3ed,   -6.029760 ,  -37.422950 ,2023-08-10 16:20:00,Brasil,RIO GRANDE DO NORTE,JANDUÍS,Caatinga
 1643426338 ,086fc778-c6fe-3457-ac42-10f4c30774d6,   -6.028430 ,  -37.413700 ,2023-08-10 16:20:00,Brasil,RIO GRANDE DO NORTE,JANDUÍS,Caatinga
 1643789721 ,76fbedf1-3636-3610-be8f-fd7b83be4771,   -5.102740 ,  -37.106060 ,2023-08-12 16:07:00,Brasil,RIO GRANDE DO NORTE,SERRA DO MEL,Caatinga
 1644419931 ,6667075a-7de7-32f1-b9db-c219452af70f,   -5.241470 ,  -37.110040 ,2023-08-15 16:35:00,Brasil,RIO GRANDE DO NORTE,SERRA DO MEL,Caatinga
 1645498219 ,1adaa922-0f9a-3408-a941-c6e106f94d07,   -6.458160 ,  -35.018250 ,2023-08-21 15:48:00,Brasil,RIO GRANDE DO NORTE,BAÍA FORMOSA,Mata Atlântica
 1645498220 ,be5ffb35-cb01-375c-a058-8aaf407e4e32,   -6.455270 ,  -34.997460 ,2023-08-21 15:48:00,Brasil,RIO GRANDE DO NORTE,BAÍA FORMOSA,Mata Atlântica
 1645498221 ,b3919a98-31f0-3a01-96b1-56caebc3ba58,   -6.455080 ,  -35.011980 ,2023-08-21 15:48:00,Brasil,RIO GRANDE DO NORTE,BAÍA FORMOSA,Mata Atlântica
 1646570069 ,ea26f6ad-7f69-303d-a35a-0cd7d50b35f6,   -5.188250 ,  -37.455190 ,2023-08-25 16:58:00,Brasil,RIO GRANDE DO NORTE,MOSSORÓ,Caatinga
 1646570070 ,8b2618d7-b15e-32ea-8c41-c3016cc4d539,   -5.186590 ,  -37.447800 ,2023-08-25 16:58:00,Brasil,RIO GRANDE DO NORTE,MOSSORÓ,Caatinga
 1647006003 ,735088ef-8272-390d-9050-dae8db5b6ea1,   -5.211230 ,  -36.897250 ,2023-08-27 16:43:00,Brasil,RIO GRANDE DO NORTE,CARNAUBAIS,Caatinga
 1658065026 ,e6d371bd-e67d-313a-982f-0b4ac07f5327,   -6.348670 ,  -38.372750 ,2023-10-25 16:52:00,Brasil,RIO GRANDE DO NORTE,LUÍS GOMES,Caatinga
 1658065028 ,fba4d73b-24d6-3708-ba01-3af95a3a2fa0,   -6.311890 ,  -38.577190 ,2023-10-25 16:52:00,Brasil,RIO GRANDE DO NORTE,VENHA-VER,Caatinga
 1658065029 ,8fac3a6e-7c3d-3e32-ac89-fb9636adfce9,   -6.276590 ,  -38.568970 ,2023-10-25 16:52:00,Brasil,RIO GRANDE DO NORTE,SÃO MIGUEL,Caatinga
 1658065030 ,b66a4523-66b4-3482-838a-3ec6af33df20,   -6.220340 ,  -38.511020 ,2023-10-25 16:52:00,Brasil,RIO GRANDE DO NORTE,SÃO MIGUEL,Caatinga
 1658065032 ,bccfcf5e-eb44-345a-92c6-d3bf9d0663d6,   -6.060350 ,  -37.858600 ,2023-10-25 16:52:00,Brasil,RIO GRANDE DO NORTE,MARTINS,Caatinga
 1658065033 ,adae3b90-0946-33e7-affb-bb4389e22e3b,   -6.054810 ,  -37.865150 ,2023-10-25 16:52:00,Brasil,RIO GRANDE DO NORTE,MARTINS,Caatinga
 1658065034 ,e82bc9d2-2f10-39aa-88ce-a7bc57463cce,   -5.469040 ,  -37.609600 ,2023-10-25 16:52:00,Brasil,RIO GRANDE DO NORTE,GOVERNADOR DIX-SEPT ROSADO,Caatinga
 1658065035 ,cd15b5bc-29a8-36fa-a2b6-876350f6d8a5,   -5.466170 ,  -37.615540 ,2023-10-25 16:52:00,Brasil,RIO GRANDE DO NORTE,GOVERNADOR DIX-SEPT ROSADO,Caatinga
 1658065036 ,1e9b2871-895f-3c64-b8ff-bb7424d131ce,   -5.463550 ,  -37.598170 ,2023-10-25 16:52:00,Brasil,RIO GRANDE DO NORTE,GOVERNADOR DIX-SEPT ROSADO,Caatinga
 1658065037 ,3228cf49-b40c-3cfb-afa3-c1763b97511b,   -5.149030 ,  -37.404290 ,2023-10-25 16:52:00,Brasil,RIO GRANDE DO NORTE,MOSSORÓ,Caatinga
 1658065038 ,2cc10a9a-548f-3f40-87b4-327340348322,   -5.146400 ,  -37.411920 ,2023-10-25 16:52:00,Brasil,RIO GRANDE DO NORTE,MOSSORÓ,Caatinga
 1658065039 ,87ac557f-fc4b-3893-9d7a-d459ad95259c,   -5.146110 ,  -37.385940 ,2023-10-25 16:52:00,Brasil,RIO GRANDE DO NORTE,MOSSORÓ,Caatinga
 1658065040 ,66831312-d496-3379-be29-00a472e334fb,   -5.143630 ,  -37.393710 ,2023-10-25 16:52:00,Brasil,RIO GRANDE DO NORTE,MOSSORÓ,Caatinga
 1616398553 ,fcbeecdb-3446-33c4-ab91-58d874601752,   -4.981230 ,  -37.473560 ,2023-01-14 15:54:00,Brasil,RIO GRANDE DO NORTE,MOSSORÓ,Caatinga
 1616398556 ,27ab7730-cee3-34c3-b492-73584129066f,   -6.031540 ,  -37.873880 ,2023-01-14 15:54:00,Brasil,RIO GRANDE DO NORTE,MARTINS,Caatinga
 1616398574 ,c485da49-add4-397b-9ee6-c46a03b43678,   -4.978960 ,  -37.457270 ,2023-01-14 15:54:00,Brasil,RIO GRANDE DO NORTE,MOSSORÓ,Caatinga
 1658441086 ,dcb06103-cc59-3038-8099-5826d51c88aa,   -6.300880 ,  -35.638090 ,2023-10-27 16:37:00,Brasil,RIO GRANDE DO NORTE,SERRINHA,Caatinga
 1658441090 ,5d2b7a4a-cc6a-3082-a553-323d47d7c379,   -5.254490 ,  -37.058000 ,2023-10-27 16:37:00,Brasil,RIO GRANDE DO NORTE,SERRA DO MEL,Caatinga
 1658441091 ,071b61d9-d92d-3b79-91a5-18fa845c1b05,   -5.252940 ,  -37.047480 ,2023-10-27 16:37:00,Brasil,RIO GRANDE DO NORTE,SERRA DO MEL,Caatinga
 1658441112 ,8761ad31-4cd5-3d1e-8d74-d0f561214870,   -6.253370 ,  -38.528470 ,2023-10-27 16:37:00,Brasil,RIO GRANDE DO NORTE,SÃO MIGUEL,Caatinga
 1658441114 ,04df07b1-f947-358c-90b9-8584f18bcaad,   -6.132210 ,  -38.460310 ,2023-10-27 16:37:00,Brasil,RIO GRANDE DO NORTE,SÃO MIGUEL,Caatinga
 1658441117 ,92637bdb-be26-3eb9-ae02-bc02d56c7b87,   -6.325160 ,  -38.456600 ,2023-10-27 16:37:00,Brasil,RIO GRANDE DO NORTE,VENHA-VER,Caatinga
 1658441118 ,6a1dae5a-b3ee-3ba4-b738-cd8a36a8b87a,   -6.316130 ,  -38.457760 ,2023-10-27 16:37:00,Brasil,RIO GRANDE DO NORTE,CORONEL JOÃO PESSOA,Caatinga
 1658441119 ,93fa44d2-7f69-3cb0-8c27-106c27a4b063,   -6.264990 ,  -37.859300 ,2023-10-27 16:37:00,Brasil,RIO GRANDE DO NORTE,JOÃO DIAS,Caatinga
 1658441121 ,d5c93c5d-297b-3196-975c-6def9a2d08fe,   -6.064620 ,  -37.686210 ,2023-10-27 16:37:00,Brasil,RIO GRANDE DO NORTE,RAFAEL GODEIRO,Caatinga
 1658441122 ,3a038e7b-6935-3df9-921d-56ebc14f097c,   -5.155890 ,  -37.404000 ,2023-10-27 16:37:00,Brasil,RIO GRANDE DO NORTE,MOSSORÓ,Caatinga
 1658441123 ,1e74ffcd-49a8-3455-ab21-396251ccf9ff,   -5.154380 ,  -37.393910 ,2023-10-27 16:37:00,Brasil,RIO GRANDE DO NORTE,MOSSORÓ,Caatinga
 1658441125 ,05b5b51f-6f34-3dc6-bef8-9be66eba02da,   -6.326490 ,  -38.465640 ,2023-10-27 16:37:00,Brasil,RIO GRANDE DO NORTE,VENHA-VER,Caatinga
 1658441126 ,f45c535e-6c09-3d8f-bad3-d7376dffd08b,   -6.312490 ,  -38.495430 ,2023-10-27 16:37:00,Brasil,RIO GRANDE DO NORTE,VENHA-VER,Caatinga
 1658441127 ,cf938e35-ecfe-3bb0-9e72-05d314ea0ead,   -6.281620 ,  -38.533390 ,2023-10-27 16:37:00,Brasil,RIO GRANDE DO NORTE,SÃO MIGUEL,Caatinga
 1658441128 ,1f608c9f-23ba-3013-a2ca-4a6172ff4fe3,   -6.252030 ,  -38.519340 ,2023-10-27 16:37:00,Brasil,RIO GRANDE DO NORTE,SÃO MIGUEL,Caatinga
 1658441129 ,817969f7-f56b-32cb-b719-a7104f749689,   -6.241730 ,  -38.511700 ,2023-10-27 16:37:00,Brasil,RIO GRANDE DO NORTE,SÃO MIGUEL,Caatinga
 1658441130 ,e27a6242-48fd-3969-bb56-3460e52c2ad7,   -6.240390 ,  -38.502570 ,2023-10-27 16:37:00,Brasil,RIO GRANDE DO NORTE,SÃO MIGUEL,Caatinga
 1658441133 ,9440efee-ac9f-3787-ae2a-302e7b857c2c,   -6.317470 ,  -38.466830 ,2023-10-27 16:37:00,Brasil,RIO GRANDE DO NORTE,VENHA-VER,Caatinga
 1658441134 ,3691b0d3-e311-3cef-aafe-9b182d66ed57,   -6.311160 ,  -38.486350 ,2023-10-27 16:37:00,Brasil,RIO GRANDE DO NORTE,VENHA-VER,Caatinga
 1658441136 ,52bf4e5d-103d-3a92-bf61-2541bfdb2e02,   -6.201830 ,  -38.496440 ,2023-10-27 16:37:00,Brasil,RIO GRANDE DO NORTE,SÃO MIGUEL,Caatinga
 1658441137 ,5e4cf1f4-a9c7-32ee-82fe-aedbf3713bfc,   -6.138100 ,  -38.375260 ,2023-10-27 16:37:00,Brasil,RIO GRANDE DO NORTE,DOUTOR SEVERIANO,Caatinga
 1658600142 ,492c5b35-c88e-3eeb-aeed-0f45569685b7,   -5.341450 ,  -35.727270 ,2023-10-28 15:39:00,Brasil,RIO GRANDE DO NORTE,TOUROS,Caatinga
 1658600143 ,287ac97f-b797-390a-a198-e78a651be8e3,   -5.336250 ,  -35.686920 ,2023-10-28 15:39:00,Brasil,RIO GRANDE DO NORTE,TOUROS,Caatinga
 1658600144 ,bb56de5d-7ad9-3e75-b033-e2f80caed664,   -5.336020 ,  -35.690650 ,2023-10-28 15:39:00,Brasil,RIO GRANDE DO NORTE,TOUROS,Caatinga
 1658777511 ,c922075a-294c-3c18-9e0e-799c014fd26d,   -6.198480 ,  -38.340390 ,2023-10-29 16:22:00,Brasil,RIO GRANDE DO NORTE,ÁGUA NOVA,Caatinga
 1658777512 ,ffb99060-2156-35a7-a34f-52ad42878b57,   -6.120880 ,  -38.367950 ,2023-10-29 16:22:00,Brasil,RIO GRANDE DO NORTE,DOUTOR SEVERIANO,Caatinga
 1658777513 ,7e21b124-99d7-3fcf-a961-7d5f82c62978,   -6.119400 ,  -38.357340 ,2023-10-29 16:22:00,Brasil,RIO GRANDE DO NORTE,DOUTOR SEVERIANO,Caatinga
 1658777519 ,a4888bf1-3b0f-3039-985c-ba7a45bad767,   -5.880880 ,  -35.198660 ,2023-10-29 16:22:00,Brasil,RIO GRANDE DO NORTE,NATAL,Mata Atlântica
 1658777530 ,55b37ba0-40d5-35fd-9561-bef4f985038c,   -5.606380 ,  -35.404110 ,2023-10-29 16:22:00,Brasil,RIO GRANDE DO NORTE,CEARÁ-MIRIM,Caatinga
 1658777551 ,be2bb90a-e1ec-32c0-91b3-1018838a3826,   -5.482560 ,  -37.617180 ,2023-10-29 16:22:00,Brasil,RIO GRANDE DO NORTE,FELIPE GUERRA,Caatinga
 1658777575 ,a6aaab3f-7cd1-3a50-a15e-eb6a3672d0eb,   -5.337050 ,  -36.856620 ,2023-10-29 16:22:00,Brasil,RIO GRANDE DO NORTE,CARNAUBAIS,Caatinga
 1658777578 ,6513989c-6f02-31cc-8829-389b46c5690a,   -5.335740 ,  -36.847450 ,2023-10-29 16:22:00,Brasil,RIO GRANDE DO NORTE,CARNAUBAIS,Caatinga
 1658777581 ,a2d1dd49-c280-39f9-9eee-e3953172e392,   -5.329310 ,  -36.867130 ,2023-10-29 16:22:00,Brasil,RIO GRANDE DO NORTE,CARNAUBAIS,Caatinga
 1658777582 ,a54f3d26-c054-3468-bfda-e551323c8856,   -5.328000 ,  -36.857940 ,2023-10-29 16:22:00,Brasil,RIO GRANDE DO NORTE,CARNAUBAIS,Caatinga
 1658777583 ,b2b923ad-545f-3fc9-8c0b-8d6b3dbff7df,   -5.326700 ,  -36.848750 ,2023-10-29 16:22:00,Brasil,RIO GRANDE DO NORTE,CARNAUBAIS,Caatinga
 1658777608 ,63daf1bf-929b-37b4-8426-16b847734701,   -5.138720 ,  -37.409580 ,2023-10-29 16:22:00,Brasil,RIO GRANDE DO NORTE,MOSSORÓ,Caatinga
 1658777609 ,9e55ad6a-3029-3861-8bf9-849a64fedf12,   -5.094440 ,  -36.966580 ,2023-10-29 16:22:00,Brasil,RIO GRANDE DO NORTE,SERRA DO MEL,Caatinga
 1658777610 ,bbb4080e-4fdf-397e-b565-3dad5c033828,   -5.093120 ,  -36.957370 ,2023-10-29 16:22:00,Brasil,RIO GRANDE DO NORTE,PORTO DO MANGUE,Caatinga
 1658777611 ,382c96d5-45c7-38f4-bc75-ea5bc5dd2c15,   -5.085370 ,  -36.967860 ,2023-10-29 16:22:00,Brasil,RIO GRANDE DO NORTE,SERRA DO MEL,Caatinga
 1658777612 ,56437e69-c5e3-3b26-99f0-71c2ee808a56,   -5.084060 ,  -36.958660 ,2023-10-29 16:22:00,Brasil,RIO GRANDE DO NORTE,SERRA DO MEL,Caatinga
 1658777616 ,86cbb883-a60d-33a4-9213-9c5ffab4a0d5,   -5.076900 ,  -37.620260 ,2023-10-29 16:22:00,Brasil,RIO GRANDE DO NORTE,BARAÚNA,Caatinga
 1658777617 ,ff2156c6-94de-3d0e-9a50-78a5f4523503,   -5.076310 ,  -36.969170 ,2023-10-29 16:22:00,Brasil,RIO GRANDE DO NORTE,SERRA DO MEL,Caatinga
 1658777618 ,1999ca94-30d5-3356-a48d-fb00c293abc3,   -5.075010 ,  -36.959970 ,2023-10-29 16:22:00,Brasil,RIO GRANDE DO NORTE,SERRA DO MEL,Caatinga
 1658777631 ,031de5df-e5c2-31dd-9e8d-f4cb8b62b6f5,   -5.000270 ,  -36.948400 ,2023-10-29 16:22:00,Brasil,RIO GRANDE DO NORTE,SERRA DO MEL,Caatinga
 1658777632 ,54e1cf41-4946-3ab6-81c4-0c6a7dc59ffc,   -4.998960 ,  -36.939220 ,2023-10-29 16:22:00,Brasil,RIO GRANDE DO NORTE,SERRA DO MEL,Caatinga
 1658946918 ,1869dd50-dd34-36b6-a58b-3e9fa82e6992,   -6.320610 ,  -37.831590 ,2023-10-30 17:05:00,Brasil,RIO GRANDE DO NORTE,JOÃO DIAS,Caatinga
 1659140630 ,273642a6-5480-3e86-901a-eecdcb0936d8,   -6.153640 ,  -38.442840 ,2023-11-01 16:50:00,Brasil,RIO GRANDE DO NORTE,SÃO MIGUEL,Caatinga
 1659140632 ,3906c582-0742-37a2-87f2-e2a5c1413e2e,   -6.057120 ,  -35.280860 ,2023-11-01 16:50:00,Brasil,RIO GRANDE DO NORTE,SÃO JOSÉ DE MIPIBU,Mata Atlântica
 1659140633 ,7a02596c-10c5-3fbe-b6ce-b81e1e950f9d,   -6.050630 ,  -35.276980 ,2023-11-01 16:50:00,Brasil,RIO GRANDE DO NORTE,SÃO JOSÉ DE MIPIBU,Mata Atlântica
 1659140636 ,9dbea65c-cb63-3dbe-9ee0-ada7761d1daa,   -5.958250 ,  -38.152710 ,2023-11-01 16:50:00,Brasil,RIO GRANDE DO NORTE,SÃO FRANCISCO DO OESTE,Caatinga
 1659140647 ,47073096-2d0d-3ed8-a358-f3141762964b,   -5.206310 ,  -36.904340 ,2023-11-01 16:50:00,Brasil,RIO GRANDE DO NORTE,CARNAUBAIS,Caatinga
 1659405816 ,3c4df31c-9b38-3daf-81da-3bc67bb834e6,   -4.957430 ,  -36.992090 ,2023-11-03 16:35:00,Brasil,RIO GRANDE DO NORTE,AREIA BRANCA,Caatinga
 1659405817 ,163c69b8-d85c-3018-a8eb-0eff445707fa,   -4.956010 ,  -36.982460 ,2023-11-03 16:35:00,Brasil,RIO GRANDE DO NORTE,AREIA BRANCA,Caatinga
 1659405818 ,59f898e9-8ab1-3242-8904-a313330ed401,   -5.140260 ,  -36.853680 ,2023-11-03 16:35:00,Brasil,RIO GRANDE DO NORTE,PORTO DO MANGUE,Caatinga
 1659405819 ,d1550b03-a68b-3391-aa6e-20b6260df017,   -5.132420 ,  -36.864800 ,2023-11-03 16:35:00,Brasil,RIO GRANDE DO NORTE,PORTO DO MANGUE,Caatinga
 1659405820 ,8321d5e0-f6a9-3b60-a726-6e4bec0e8a4b,   -5.130980 ,  -36.855090 ,2023-11-03 16:35:00,Brasil,RIO GRANDE DO NORTE,PORTO DO MANGUE,Caatinga
 1659405821 ,30d6b57c-cc96-3a56-932b-3ed9745a97d2,   -5.129550 ,  -36.845370 ,2023-11-03 16:35:00,Brasil,RIO GRANDE DO NORTE,PORTO DO MANGUE,Caatinga
 1659671023 ,13ac199b-0ab3-3ac6-a7ad-27828f397d78,   -6.182530 ,  -37.858250 ,2023-11-05 16:20:00,Brasil,RIO GRANDE DO NORTE,FRUTUOSO GOMES,Caatinga
 1659671024 ,6032ff96-02b9-3817-9a6b-4cb16880b6ef,   -6.100220 ,  -38.431430 ,2023-11-05 16:20:00,Brasil,RIO GRANDE DO NORTE,DOUTOR SEVERIANO,Caatinga
 1659671025 ,4474ab4c-8d2f-3583-9434-ea1cc147b2a7,   -6.098480 ,  -38.419030 ,2023-11-05 16:20:00,Brasil,RIO GRANDE DO NORTE,DOUTOR SEVERIANO,Caatinga
 1659671026 ,6e0a3286-4713-3dcf-8099-eb8341d4a1ff,   -6.059090 ,  -36.710480 ,2023-11-05 16:20:00,Brasil,RIO GRANDE DO NORTE,SANTANA DO MATOS,Caatinga
 1659671029 ,55cf2f2e-468b-3a76-a074-51371e3c5036,   -5.457660 ,  -35.791560 ,2023-11-05 16:20:00,Brasil,RIO GRANDE DO NORTE,JOÃO CÂMARA,Caatinga
 1659671030 ,ff89f5b3-5676-3b79-87fb-ad4cb430d364,   -5.456350 ,  -35.782410 ,2023-11-05 16:20:00,Brasil,RIO GRANDE DO NORTE,JOÃO CÂMARA,Caatinga
 1659671031 ,af0e9d50-748a-35d0-94fe-245571bd8a4f,   -5.455030 ,  -35.773290 ,2023-11-05 16:20:00,Brasil,RIO GRANDE DO NORTE,JOÃO CÂMARA,Caatinga
 1659671032 ,d0fcda7d-0871-3329-b311-106501f79590,   -5.447330 ,  -35.783740 ,2023-11-05 16:20:00,Brasil,RIO GRANDE DO NORTE,TOUROS,Caatinga
 1658239612 ,2ed1670b-480f-32d1-982b-31cb756f8f24,   -5.483710 ,  -37.615410 ,2023-10-26 15:54:00,Brasil,RIO GRANDE DO NORTE,FELIPE GUERRA,Caatinga
 1659097627 ,4a81a4d6-2161-3c82-837e-dbb6f0516c39,   -5.203410 ,  -36.910680 ,2023-10-31 16:07:00,Brasil,RIO GRANDE DO NORTE,CARNAUBAIS,Caatinga
 1659097628 ,cadd1e32-0b3c-33dc-876b-bd5e07f5ed25,   -5.201320 ,  -36.895650 ,2023-10-31 16:07:00,Brasil,RIO GRANDE DO NORTE,CARNAUBAIS,Caatinga
 1659097629 ,11270380-c263-3920-bc17-b6d7b8f3e5ab,   -5.189900 ,  -36.897110 ,2023-10-31 16:07:00,Brasil,RIO GRANDE DO NORTE,CARNAUBAIS,Caatinga
 1659097643 ,550087e0-21ae-3434-83db-4239cd83c6b5,   -6.285980 ,  -37.842010 ,2023-10-31 16:07:00,Brasil,RIO GRANDE DO NORTE,JOÃO DIAS,Caatinga
 1659097644 ,b61ab1b6-09b8-3bb9-9e0b-678e350ba8fb,   -5.409800 ,  -37.742320 ,2023-10-31 16:07:00,Brasil,RIO GRANDE DO NORTE,APODI,Caatinga
 1659097645 ,1148b614-676b-3e26-a9c6-7d50eff50d34,   -5.407370 ,  -37.724700 ,2023-10-31 16:07:00,Brasil,RIO GRANDE DO NORTE,APODI,Caatinga
 1659097646 ,49d8d20c-7bb3-3629-aa71-106d7ac7eca6,   -5.397540 ,  -37.743980 ,2023-10-31 16:07:00,Brasil,RIO GRANDE DO NORTE,APODI,Caatinga
 1659097647 ,dfe4a76c-0308-3855-8e07-d3e614fae5a0,   -5.395130 ,  -37.726360 ,2023-10-31 16:07:00,Brasil,RIO GRANDE DO NORTE,APODI,Caatinga
 1659947782 ,978c7277-e439-323b-8b95-cdb529a961db,   -5.804830 ,  -35.551730 ,2023-11-07 16:05:00,Brasil,RIO GRANDE DO NORTE,IELMO MARINHO,Caatinga
 1659947783 ,95511239-bde9-355d-9519-8946fb8b6f4f,   -5.261810 ,  -36.700750 ,2023-11-07 16:05:00,Brasil,RIO GRANDE DO NORTE,PENDÊNCIAS,Caatinga
 1659947784 ,88df787f-cf67-36cc-8af4-99c26114fae8,   -5.257470 ,  -36.708270 ,2023-11-07 16:05:00,Brasil,RIO GRANDE DO NORTE,PENDÊNCIAS,Caatinga
 1660244633 ,d41e4558-eaf9-3ea2-a14e-912bb037acfa,   -5.384810 ,  -35.577470 ,2023-11-09 15:50:00,Brasil,RIO GRANDE DO NORTE,PUREZA,Caatinga
 1660244634 ,c79e2557-5047-31c1-97d6-1d70eb50cc50,   -5.381020 ,  -35.549390 ,2023-11-09 15:50:00,Brasil,RIO GRANDE DO NORTE,PUREZA,Caatinga
 1660244635 ,f5ae3ebb-8780-3756-af0b-4a53e3ad15af,   -5.300050 ,  -35.743270 ,2023-11-09 15:50:00,Brasil,RIO GRANDE DO NORTE,TOUROS,Caatinga
 1660244636 ,a806b38e-7379-3f09-ba5a-c6826bf3e230,   -5.296140 ,  -35.714080 ,2023-11-09 15:50:00,Brasil,RIO GRANDE DO NORTE,TOUROS,Caatinga
 1660244715 ,90b1cc77-be64-32ca-8fc0-4d3be58891ce,   -6.086200 ,  -36.709840 ,2023-11-09 15:50:00,Brasil,RIO GRANDE DO NORTE,SANTANA DO MATOS,Caatinga
 1660244716 ,6bd35420-3007-323a-98a8-7df26fe0dd18,   -6.081610 ,  -36.714890 ,2023-11-09 15:50:00,Brasil,RIO GRANDE DO NORTE,SANTANA DO MATOS,Caatinga
 1660357356 ,c0ec8e66-90c5-3852-9a7c-0cb70afdef3d,   -6.438190 ,  -38.371180 ,2023-11-10 16:28:00,Brasil,RIO GRANDE DO NORTE,LUÍS GOMES,Caatinga
 1660357357 ,4f2198cb-bcb2-303d-85c5-311179f51a68,   -6.438100 ,  -38.305990 ,2023-11-10 16:28:00,Brasil,RIO GRANDE DO NORTE,PARANÁ,Caatinga
 1660357359 ,4423489e-69f0-37ed-860b-b4ae972fc0ed,   -6.436800 ,  -38.296880 ,2023-11-10 16:28:00,Brasil,RIO GRANDE DO NORTE,PARANÁ,Caatinga
 1660357360 ,ca945643-f81c-34d8-b466-479783c0047e,   -6.435770 ,  -35.267890 ,2023-11-10 16:28:00,Brasil,RIO GRANDE DO NORTE,PEDRO VELHO,Mata Atlântica
 1660357361 ,ab366f7a-31fc-3691-bdc0-92e9a23c0c12,   -6.434250 ,  -35.257880 ,2023-11-10 16:28:00,Brasil,RIO GRANDE DO NORTE,PEDRO VELHO,Mata Atlântica
 1660357366 ,57705212-04c7-36a7-a1aa-121d9fc5476a,   -6.332380 ,  -38.206460 ,2023-11-10 16:28:00,Brasil,RIO GRANDE DO NORTE,MARCELINO VIEIRA,Caatinga
 1660357368 ,0d01ae7e-8560-3139-a9e7-abada5bd3544,   -6.331090 ,  -38.197440 ,2023-11-10 16:28:00,Brasil,RIO GRANDE DO NORTE,MARCELINO VIEIRA,Caatinga
 1660357372 ,aaa456cf-a583-3b74-b33e-30356b7ae961,   -6.307270 ,  -38.486190 ,2023-11-10 16:28:00,Brasil,RIO GRANDE DO NORTE,VENHA-VER,Caatinga
 1660357378 ,ab600f7d-eccd-35f0-b526-7f152dcdeb59,   -6.252070 ,  -38.546670 ,2023-11-10 16:28:00,Brasil,RIO GRANDE DO NORTE,SÃO MIGUEL,Caatinga
 1660357379 ,c0b88fcc-6202-3c3e-8a6d-6630a235fa31,   -6.250290 ,  -38.280500 ,2023-11-10 16:28:00,Brasil,RIO GRANDE DO NORTE,RIACHO DE SANTANA,Caatinga
 1660357380 ,18a1e100-64be-3132-ab8b-b4d1c7003044,   -6.249000 ,  -38.271400 ,2023-11-10 16:28:00,Brasil,RIO GRANDE DO NORTE,RIACHO DE SANTANA,Caatinga
 1660357391 ,0b34bb96-1ced-38b7-869b-d1d090fb1b18,   -6.119310 ,  -38.459930 ,2023-11-10 16:28:00,Brasil,RIO GRANDE DO NORTE,DOUTOR SEVERIANO,Caatinga
 1660357414 ,fac68f9f-1f6c-3778-a5df-9725b60db209,   -5.760030 ,  -35.358020 ,2023-11-10 16:28:00,Brasil,RIO GRANDE DO NORTE,SÃO GONÇALO DO AMARANTE,Caatinga
 1660357421 ,f585c6ba-6e49-3634-847b-54b5007c9a95,   -5.696830 ,  -36.492720 ,2023-11-10 16:30:00,Brasil,RIO GRANDE DO NORTE,ANGICOS,Caatinga
 1660357460 ,d0a1fff8-5669-35dd-bdaa-e6d5f80e0c88,   -5.334270 ,  -35.727290 ,2023-11-10 16:30:00,Brasil,RIO GRANDE DO NORTE,TOUROS,Caatinga
 1660357461 ,fd3edc69-d2ba-3ac3-88d3-43eaa46fd101,   -5.332820 ,  -35.717500 ,2023-11-10 16:30:00,Brasil,RIO GRANDE DO NORTE,TOUROS,Caatinga
 1660357468 ,0706b860-0388-345c-aa65-0457cb4143ab,   -5.249670 ,  -35.645020 ,2023-11-10 16:30:00,Brasil,RIO GRANDE DO NORTE,TOUROS,Caatinga
 1660357469 ,6198d28d-d207-3fa2-b24b-bbdfb58fba17,   -5.244290 ,  -37.439170 ,2023-11-10 16:30:00,Brasil,RIO GRANDE DO NORTE,MOSSORÓ,Caatinga
 1660357475 ,362130b0-8722-388b-bba2-f261dc920de4,   -5.219290 ,  -35.875710 ,2023-11-10 16:30:00,Brasil,RIO GRANDE DO NORTE,PEDRA GRANDE,Caatinga
 1660357476 ,5a5e9acc-58c1-3210-a98a-2e844a8f545f,   -5.217870 ,  -35.866020 ,2023-11-10 16:30:00,Brasil,RIO GRANDE DO NORTE,PARAZINHO,Caatinga
 1660637013 ,5b58becf-6168-3db3-b99e-408ba4c20ee8,   -5.050150 ,  -37.046980 ,2023-11-12 16:15:00,Brasil,RIO GRANDE DO NORTE,AREIA BRANCA,Caatinga
 1660637020 ,b7c3fdad-f96f-3b6d-a96e-636176b6935f,   -5.166540 ,  -36.863480 ,2023-11-12 16:15:00,Brasil,RIO GRANDE DO NORTE,CARNAUBAIS,Caatinga
 1660637039 ,80e9e26d-a93a-3e39-bb34-9f57619341a6,   -5.806930 ,  -35.548730 ,2023-11-12 16:13:00,Brasil,RIO GRANDE DO NORTE,IELMO MARINHO,Caatinga
 1660637040 ,567fa2f8-d215-3801-b4df-b4e5d60d33df,   -5.808340 ,  -35.558500 ,2023-11-12 16:13:00,Brasil,RIO GRANDE DO NORTE,IELMO MARINHO,Caatinga
 1660637041 ,dfaad410-6b95-3617-83d5-4dc8c576ae1f,   -5.941210 ,  -35.398620 ,2023-11-12 16:13:00,Brasil,RIO GRANDE DO NORTE,MACAÍBA,Caatinga
 1660637042 ,b8f26367-2296-302d-adab-b1c550fc6f9c,   -6.052710 ,  -35.406440 ,2023-11-12 16:13:00,Brasil,RIO GRANDE DO NORTE,VERA CRUZ,Caatinga
 1660637045 ,b2578393-a101-3346-a117-5482023a2365,   -6.198440 ,  -35.402930 ,2023-11-12 16:13:00,Brasil,RIO GRANDE DO NORTE,LAGOA DE PEDRAS,Caatinga
 1660637046 ,3c4261fe-ec54-3e60-98b6-9a6c39e3f2cb,   -6.199810 ,  -35.412640 ,2023-11-12 16:13:00,Brasil,RIO GRANDE DO NORTE,LAGOA DE PEDRAS,Caatinga
 1660637047 ,9271c014-3c2b-332e-93e8-60c570451f05,   -6.253220 ,  -35.201970 ,2023-11-12 16:13:00,Brasil,RIO GRANDE DO NORTE,GOIANINHA,Mata Atlântica
 1660101689 ,43f615b4-a490-3243-8ec2-3e08fb293bda,   -6.045380 ,  -37.148530 ,2023-11-08 16:43:00,Brasil,RIO GRANDE DO NORTE,JUCURUTU,Caatinga
 1660101718 ,c2d4a574-ff15-3a21-8a14-25600ec3e417,   -6.452580 ,  -38.067620 ,2023-11-08 16:43:00,Brasil,RIO GRANDE DO NORTE,ALEXANDRIA,Caatinga
 1660101722 ,c3af583f-dda9-39c2-a833-fb093cea8906,   -6.317700 ,  -38.192150 ,2023-11-08 16:43:00,Brasil,RIO GRANDE DO NORTE,MARCELINO VIEIRA,Caatinga
 1660101723 ,f1e38383-5cef-3068-824a-54d9fa7e4b02,   -6.316000 ,  -38.180790 ,2023-11-08 16:43:00,Brasil,RIO GRANDE DO NORTE,MARCELINO VIEIRA,Caatinga
 1660101725 ,dd8ee067-caf4-3c16-83a3-f6999d88811b,   -6.307040 ,  -38.454150 ,2023-11-08 16:43:00,Brasil,RIO GRANDE DO NORTE,CORONEL JOÃO PESSOA,Caatinga
 1660101726 ,62165ac6-0321-3bca-ac0a-6a258a02fa74,   -6.305410 ,  -38.443500 ,2023-11-08 16:43:00,Brasil,RIO GRANDE DO NORTE,CORONEL JOÃO PESSOA,Caatinga
 1660101728 ,a1f2369a-54ae-3625-839e-ed3a535e8237,   -6.240310 ,  -37.815850 ,2023-11-08 16:43:00,Brasil,RIO GRANDE DO NORTE,ANTÔNIO MARTINS,Caatinga
 1660101729 ,06e1d1d4-beea-3caa-b690-6d33a58ae679,   -6.230810 ,  -37.889660 ,2023-11-08 16:43:00,Brasil,RIO GRANDE DO NORTE,ANTÔNIO MARTINS,Caatinga
 1660101730 ,9cf1deb4-ac91-3e53-9257-b706f821cf28,   -6.230130 ,  -37.817350 ,2023-11-08 16:43:00,Brasil,RIO GRANDE DO NORTE,ANTÔNIO MARTINS,Caatinga
 1660101731 ,1b4eb5d6-cb50-34df-8da1-77a636fcf192,   -6.190590 ,  -38.440040 ,2023-11-08 16:45:00,Brasil,RIO GRANDE DO NORTE,SÃO MIGUEL,Caatinga
 1660101732 ,e92c97e9-bb0d-3779-be90-77eed6a3650e,   -6.146240 ,  -38.344510 ,2023-11-08 16:45:00,Brasil,RIO GRANDE DO NORTE,ENCANTO,Caatinga
 1660101733 ,fae45d04-ae29-3869-a4a4-55089b10f6b8,   -6.144560 ,  -38.333300 ,2023-11-08 16:45:00,Brasil,RIO GRANDE DO NORTE,ENCANTO,Caatinga
 1660101734 ,b3cbd0c3-4781-3699-98e2-1e3db6ddb800,   -6.122200 ,  -38.450870 ,2023-11-08 16:45:00,Brasil,RIO GRANDE DO NORTE,DOUTOR SEVERIANO,Caatinga
 1660101735 ,b12da76a-dcd2-3c03-bf68-fe1ffe895855,   -6.120500 ,  -38.439760 ,2023-11-08 16:45:00,Brasil,RIO GRANDE DO NORTE,DOUTOR SEVERIANO,Caatinga
 1660101738 ,0c6aaad1-2143-38d0-b0b6-dffa0c2911a2,   -6.076520 ,  -37.950280 ,2023-11-08 16:45:00,Brasil,RIO GRANDE DO NORTE,MARTINS,Caatinga
 1660101739 ,a2aa1256-5e4f-37e6-9a5b-e0daad1c55da,   -6.074860 ,  -37.939330 ,2023-11-08 16:45:00,Brasil,RIO GRANDE DO NORTE,MARTINS,Caatinga
 1660101740 ,d5485e24-d109-3272-8bd5-37b2d3853a0a,   -6.048700 ,  -38.038060 ,2023-11-08 16:45:00,Brasil,RIO GRANDE DO NORTE,PORTALEGRE,Caatinga
 1660101741 ,2f461057-e2ae-3026-9e6f-7dcbb041ef24,   -6.047660 ,  -38.033300 ,2023-11-08 16:45:00,Brasil,RIO GRANDE DO NORTE,PORTALEGRE,Caatinga
 1660101749 ,f35838ce-d6c6-3504-ac60-131c1f9098b0,   -5.460520 ,  -37.673090 ,2023-11-08 16:45:00,Brasil,RIO GRANDE DO NORTE,FELIPE GUERRA,Caatinga
 1660101750 ,fc7156f2-31a9-3000-995c-39280e1922bb,   -5.458610 ,  -37.660650 ,2023-11-08 16:45:00,Brasil,RIO GRANDE DO NORTE,FELIPE GUERRA,Caatinga
 1660101751 ,9ff27e45-bfe6-3091-b319-bc26b0601da8,   -5.450110 ,  -37.674680 ,2023-11-08 16:45:00,Brasil,RIO GRANDE DO NORTE,APODI,Caatinga
 1660101752 ,e61ab16f-a98c-3b2b-a52e-4f7b2f6f159b,   -5.448190 ,  -37.662240 ,2023-11-08 16:45:00,Brasil,RIO GRANDE DO NORTE,FELIPE GUERRA,Caatinga
 1660809011 ,e39ff5c4-f345-3b93-9fa0-34583f161f60,   -5.422090 ,  -35.735480 ,2023-11-13 16:56:00,Brasil,RIO GRANDE DO NORTE,PUREZA,Caatinga
 1661152992 ,dc8de000-0856-38e0-a79d-1c28e5e48730,   -6.303670 ,  -38.518510 ,2023-11-15 16:41:00,Brasil,RIO GRANDE DO NORTE,VENHA-VER,Caatinga
 1661152993 ,84ffc855-f734-3ec6-937d-f41e20597cd8,   -6.302250 ,  -38.508940 ,2023-11-15 16:41:00,Brasil,RIO GRANDE DO NORTE,VENHA-VER,Caatinga
 1661152994 ,429eebea-71a5-36a2-9542-95fa872729ba,   -6.252120 ,  -38.543090 ,2023-11-15 16:41:00,Brasil,RIO GRANDE DO NORTE,SÃO MIGUEL,Caatinga
 1661152995 ,8fbee6ca-8189-3ed0-94e7-6ab76b53efa5,   -6.250710 ,  -38.533400 ,2023-11-15 16:41:00,Brasil,RIO GRANDE DO NORTE,SÃO MIGUEL,Caatinga
 1661152996 ,22b87ae4-87e9-3531-ba52-03d934f6f06e,   -6.035550 ,  -38.211540 ,2023-11-15 16:41:00,Brasil,RIO GRANDE DO NORTE,PAU DOS FERROS,Caatinga
 1661479598 ,b1d5b988-e376-3d22-a057-f7d9e757b4e0,   -6.498650 ,  -38.172910 ,2023-11-17 16:26:00,Brasil,RIO GRANDE DO NORTE,TENENTE ANANIAS,Caatinga
 1661479599 ,34d25693-e864-3538-8b99-6c4a236f555b,   -6.488570 ,  -38.304680 ,2023-11-17 16:26:00,Brasil,RIO GRANDE DO NORTE,PARANÁ,Caatinga
 1661479603 ,552df2eb-c538-3eb7-bf15-2c7ec8468938,   -6.442580 ,  -36.677720 ,2023-11-17 16:24:00,Brasil,RIO GRANDE DO NORTE,ACARI,Caatinga
 1661479606 ,bd4f884a-94c1-326a-a584-cab89a4730d9,   -6.395160 ,  -38.472160 ,2023-11-17 16:26:00,Brasil,RIO GRANDE DO NORTE,LUÍS GOMES,Caatinga
 1661479607 ,188212ef-92ff-3ae0-8050-bd0194f3b3e7,   -6.393740 ,  -38.462160 ,2023-11-17 16:26:00,Brasil,RIO GRANDE DO NORTE,LUÍS GOMES,Caatinga
 1661479608 ,17facfa6-34f4-3caf-a449-dc8a5abcf7de,   -6.389160 ,  -38.255410 ,2023-11-17 16:26:00,Brasil,RIO GRANDE DO NORTE,JOSÉ DA PENHA,Caatinga
 1661479609 ,44433021-8c9f-3427-b582-535de55143cd,   -6.382800 ,  -38.251960 ,2023-11-17 16:26:00,Brasil,RIO GRANDE DO NORTE,JOSÉ DA PENHA,Caatinga
 1661479613 ,2fb48a57-5560-32cb-9f85-15963c15ad36,   -6.232480 ,  -38.450870 ,2023-11-17 16:26:00,Brasil,RIO GRANDE DO NORTE,CORONEL JOÃO PESSOA,Caatinga
 1661479614 ,e8d86f5d-5f9f-3b40-986f-1cbaec88aeca,   -6.231090 ,  -38.440910 ,2023-11-17 16:26:00,Brasil,RIO GRANDE DO NORTE,CORONEL JOÃO PESSOA,Caatinga
 1661479615 ,e7fc5b0c-864c-3918-91c5-ec640e7b09e4,   -6.226680 ,  -38.447090 ,2023-11-17 16:26:00,Brasil,RIO GRANDE DO NORTE,CORONEL JOÃO PESSOA,Caatinga
 1661479616 ,c8022c06-9266-3ee8-9f7c-9c648d1286d0,   -6.216390 ,  -38.509300 ,2023-11-17 16:26:00,Brasil,RIO GRANDE DO NORTE,SÃO MIGUEL,Caatinga
 1661479617 ,b96a01ae-1c2d-3d71-9c29-55d08fa85a03,   -6.082820 ,  -37.770160 ,2023-11-17 16:26:00,Brasil,RIO GRANDE DO NORTE,ALMINO AFONSO,Caatinga
 1661479619 ,f5be8330-de29-39e6-aa2d-795fb18bfdff,   -6.081060 ,  -38.343280 ,2023-11-17 16:26:00,Brasil,RIO GRANDE DO NORTE,DOUTOR SEVERIANO,Caatinga
 1661479620 ,48a7ab37-712e-322d-a85f-52076de9b7df,   -6.071730 ,  -38.344640 ,2023-11-17 16:26:00,Brasil,RIO GRANDE DO NORTE,DOUTOR SEVERIANO,Caatinga
 1661479623 ,d793bf2b-48a3-399b-ac86-a635e66973b4,   -6.012750 ,  -35.377310 ,2023-11-17 16:26:00,Brasil,RIO GRANDE DO NORTE,VERA CRUZ,Caatinga
 1661479642 ,e32c43be-8e44-3935-9ff0-294fa4b3b6af,   -5.108150 ,  -37.651350 ,2023-11-17 16:26:00,Brasil,RIO GRANDE DO NORTE,BARAÚNA,Caatinga
 1661479643 ,897f7dd4-4b5d-3131-bfe8-fdb04ff1faa8,   -5.104250 ,  -36.983860 ,2023-11-17 16:26:00,Brasil,RIO GRANDE DO NORTE,SERRA DO MEL,Caatinga
 1661662243 ,baaf3bbd-61dc-3ed7-a418-361e4caccec4,   -6.212140 ,  -38.324550 ,2023-11-18 17:06:00,Brasil,RIO GRANDE DO NORTE,ÁGUA NOVA,Caatinga
 1661802411 ,df557f90-06ce-3f04-ad81-5fe7c8c9019c,   -6.516810 ,  -35.039170 ,2023-11-19 16:09:00,Brasil,RIO GRANDE DO NORTE,BAÍA FORMOSA,Mata Atlântica
 1661802412 ,8477d6ff-b40b-3cbc-af15-2f998baca7ae,   -6.228350 ,  -38.469560 ,2023-11-19 16:11:00,Brasil,RIO GRANDE DO NORTE,SÃO MIGUEL,Caatinga
 1661897988 ,9504b6c5-ffda-3367-a9bb-408f64de6508,   -5.282260 ,  -35.614350 ,2023-11-20 16:52:00,Brasil,RIO GRANDE DO NORTE,TOUROS,Caatinga
 1662075333 ,cc43e2f8-0144-3649-8fa9-7bc92ebf6736,   -6.694840 ,  -37.159710 ,2023-11-22 16:37:00,Brasil,RIO GRANDE DO NORTE,SÃO JOÃO DO SABUGI,Caatinga
 1662075334 ,ba1f3d50-ce77-3602-9853-2232cfa0e1ff,   -6.693370 ,  -37.149900 ,2023-11-22 16:37:00,Brasil,RIO GRANDE DO NORTE,SÃO JOÃO DO SABUGI,Caatinga
 1662075347 ,0954df20-5607-399f-9d17-4aacf253c9a5,   -6.174300 ,  -38.441400 ,2023-11-22 16:37:00,Brasil,RIO GRANDE DO NORTE,SÃO MIGUEL,Caatinga
 1662075368 ,ec3d128a-e5d4-3f72-aab2-5f0358b10965,   -5.618180 ,  -35.530830 ,2023-11-22 16:37:00,Brasil,RIO GRANDE DO NORTE,TAIPU,Caatinga
 1662075382 ,3279cf73-58fb-30fd-8534-9fdfc5e671cb,   -5.333780 ,  -37.437160 ,2023-11-22 16:37:00,Brasil,RIO GRANDE DO NORTE,GOVERNADOR DIX-SEPT ROSADO,Caatinga
 1662075387 ,6dfa87b1-957b-38fd-b5cf-a45384b3ef62,   -5.277670 ,  -36.043580 ,2023-11-22 16:37:00,Brasil,RIO GRANDE DO NORTE,CAIÇARA DO NORTE,Caatinga
 1662075388 ,80771ccb-6b77-3d73-baa8-ddfa95163310,   -5.275930 ,  -36.031910 ,2023-11-22 16:37:00,Brasil,RIO GRANDE DO NORTE,CAIÇARA DO NORTE,Caatinga
 1662075392 ,7bac4af4-b7fd-347a-b34a-2209c85d6fb0,   -5.235210 ,  -35.758500 ,2023-11-22 16:37:00,Brasil,RIO GRANDE DO NORTE,SÃO MIGUEL DO GOSTOSO,Caatinga
 1662238694 ,3ff43fab-f663-3eda-9487-2f5e00dc634d,   -6.391770 ,  -35.425850 ,2023-11-24 16:22:00,Brasil,RIO GRANDE DO NORTE,SANTO ANTÔNIO,Caatinga
 1662238695 ,ead6c33f-40e6-32a0-81f0-477629bcb690,   -6.384160 ,  -35.436060 ,2023-11-24 16:22:00,Brasil,RIO GRANDE DO NORTE,SANTO ANTÔNIO,Caatinga
 1662238696 ,fad38fcb-1914-3cf7-8489-8df59ddb77c9,   -6.382870 ,  -35.427160 ,2023-11-24 16:22:00,Brasil,RIO GRANDE DO NORTE,SANTO ANTÔNIO,Caatinga
 1662238697 ,cc97dc9b-46ea-3093-ac24-1401034aaeb2,   -6.272480 ,  -35.368230 ,2023-11-24 16:22:00,Brasil,RIO GRANDE DO NORTE,PASSAGEM,Caatinga
 1662238701 ,c8663cb7-5b5b-36c0-91fb-3f876cf4f191,   -6.237980 ,  -38.451790 ,2023-11-24 16:22:00,Brasil,RIO GRANDE DO NORTE,CORONEL JOÃO PESSOA,Caatinga
 1662238704 ,eaf72d5d-9d75-3760-bb65-bfff77a54f06,   -6.095130 ,  -38.380680 ,2023-11-24 16:22:00,Brasil,RIO GRANDE DO NORTE,DOUTOR SEVERIANO,Caatinga
 1662238705 ,2ab160d0-3d4e-3790-a4b0-cfb9ae60ce75,   -6.079580 ,  -36.724570 ,2023-11-24 16:22:00,Brasil,RIO GRANDE DO NORTE,FLORÂNIA,Caatinga
 1662238706 ,aa6f1221-8946-31c9-83c7-78d27ac9010b,   -6.078260 ,  -36.715190 ,2023-11-24 16:22:00,Brasil,RIO GRANDE DO NORTE,SANTANA DO MATOS,Caatinga
 1662238715 ,16c1df69-a902-328f-923e-00f0b1d7aa7f,   -5.757890 ,  -35.444220 ,2023-11-24 16:22:00,Brasil,RIO GRANDE DO NORTE,SÃO GONÇALO DO AMARANTE,Caatinga
 1662238721 ,14de6036-853d-31d3-ad93-aeeae22cc6dc,   -5.650210 ,  -37.905880 ,2023-11-24 16:22:00,Brasil,RIO GRANDE DO NORTE,APODI,Caatinga
 1662238728 ,7deadb5e-32de-37f1-a1f7-b39300a56a5b,   -5.437770 ,  -35.778890 ,2023-11-24 16:22:00,Brasil,RIO GRANDE DO NORTE,TOUROS,Caatinga
 1662238730 ,be553f7a-d9c8-325f-b081-8588196be8c3,   -5.394830 ,  -35.863630 ,2023-11-24 16:22:00,Brasil,RIO GRANDE DO NORTE,JOÃO CÂMARA,Caatinga
 1662238740 ,2e7fa78e-badd-383c-bd19-d0447d7cc09b,   -5.196200 ,  -37.368340 ,2023-11-24 16:22:00,Brasil,RIO GRANDE DO NORTE,MOSSORÓ,Caatinga
 1662322091 ,d573b63c-1920-3aae-a9da-a445621629ed,   -6.178920 ,  -38.331310 ,2023-11-25 17:04:00,Brasil,RIO GRANDE DO NORTE,ENCANTO,Caatinga
 1662322092 ,136e0a05-78c6-35ad-930e-6b8f71ae7d6c,   -6.170900 ,  -38.324050 ,2023-11-25 17:04:00,Brasil,RIO GRANDE DO NORTE,ENCANTO,Caatinga
 1662378860 ,18b8907a-8ba3-3346-9741-a30152c080ec,   -5.532620 ,  -37.849180 ,2023-11-26 16:07:00,Brasil,RIO GRANDE DO NORTE,APODI,Caatinga
 1662378861 ,2385a156-9937-3f76-98bc-1ae5e340addc,   -5.532200 ,  -37.844400 ,2023-11-26 16:07:00,Brasil,RIO GRANDE DO NORTE,APODI,Caatinga
 1662378862 ,f5206204-b1b1-34c6-9c37-da2d3bc30876,   -5.529950 ,  -37.830030 ,2023-11-26 16:07:00,Brasil,RIO GRANDE DO NORTE,APODI,Caatinga
 1662378863 ,29ef8db5-7d1c-3992-a460-a836537ccea7,   -5.434660 ,  -37.107980 ,2023-11-26 16:07:00,Brasil,RIO GRANDE DO NORTE,AÇU,Caatinga
 1662378864 ,867ff8c4-db67-3f8b-a77b-299f4201ffb6,   -5.260310 ,  -35.651550 ,2023-11-26 16:07:00,Brasil,RIO GRANDE DO NORTE,TOUROS,Caatinga
 1662378865 ,653cc654-c52d-39b1-9eab-3672270a8620,   -5.188480 ,  -37.446830 ,2023-11-26 16:07:00,Brasil,RIO GRANDE DO NORTE,MOSSORÓ,Caatinga
 1662378866 ,8161229f-0b95-3cb2-b1aa-bfe66bb9042d,   -5.186050 ,  -37.429360 ,2023-11-26 16:07:00,Brasil,RIO GRANDE DO NORTE,MOSSORÓ,Caatinga
 1662603421 ,f81372f0-1e09-3982-a215-0aebbeb2a285,   -6.403020 ,  -38.347210 ,2023-11-29 16:34:00,Brasil,RIO GRANDE DO NORTE,LUÍS GOMES,Caatinga
 1662603422 ,50ef1974-91c3-3404-8aaf-d1e5378eb1cf,   -6.401730 ,  -38.338290 ,2023-11-29 16:34:00,Brasil,RIO GRANDE DO NORTE,MAJOR SALES,Caatinga
 1662603423 ,9ddee509-b9c1-361c-a873-5687bc71984e,   -6.365480 ,  -38.477680 ,2023-11-29 16:34:00,Brasil,RIO GRANDE DO NORTE,LUÍS GOMES,Caatinga
 1662603430 ,44e8c66d-cd57-3bc3-ab2b-7c3ef9e2dace,   -6.158320 ,  -38.256250 ,2023-11-29 16:34:00,Brasil,RIO GRANDE DO NORTE,ENCANTO,Caatinga
 1662603431 ,c1cadc7b-2e95-3809-b7d6-efbafc9db5fe,   -6.157030 ,  -38.247350 ,2023-11-29 16:34:00,Brasil,RIO GRANDE DO NORTE,PAU DOS FERROS,Caatinga
 1662603433 ,090a4521-2a1d-310b-b523-01544fd871dc,   -6.106960 ,  -37.964230 ,2023-11-29 16:34:00,Brasil,RIO GRANDE DO NORTE,SERRINHA DOS PINTOS,Caatinga
 1662603434 ,1ef8de6b-1a5f-3010-8bf6-d3cfd4220b2d,   -6.103100 ,  -37.937600 ,2023-11-29 16:34:00,Brasil,RIO GRANDE DO NORTE,MARTINS,Caatinga
 1662603435 ,56e4c9b5-f624-3678-8428-91b4b2d9bd08,   -6.077720 ,  -37.950390 ,2023-11-29 16:34:00,Brasil,RIO GRANDE DO NORTE,MARTINS,Caatinga
 1662603436 ,7092cbcb-e6c3-3338-92bb-3cc52bceef2f,   -6.076440 ,  -37.941520 ,2023-11-29 16:34:00,Brasil,RIO GRANDE DO NORTE,MARTINS,Caatinga
 1662603452 ,fc2a79e9-fca0-38ed-866b-edbc8337bbe2,   -5.229210 ,  -36.562400 ,2023-11-29 16:34:00,Brasil,RIO GRANDE DO NORTE,PENDÊNCIAS,Caatinga
 1662603460 ,59cf6620-de5e-3a28-9160-0b6f3c2d3f03,   -5.155940 ,  -37.573530 ,2023-11-29 16:34:00,Brasil,RIO GRANDE DO NORTE,BARAÚNA,Caatinga
 1662694119 ,bc693d46-f4c0-3188-8556-2829c32a9865,   -5.980440 ,  -37.897290 ,2023-11-30 17:13:00,Brasil,RIO GRANDE DO NORTE,UMARIZAL,Caatinga
 1662694120 ,6079b56b-42df-3470-8b33-398ae781d81e,   -5.979870 ,  -37.905360 ,2023-11-30 17:13:00,Brasil,RIO GRANDE DO NORTE,UMARIZAL,Caatinga
 1662777503 ,795a0952-642e-37f6-ac3f-5a5d8cc2c4df,   -6.333110 ,  -38.355710 ,2023-12-01 16:17:00,Brasil,RIO GRANDE DO NORTE,RIACHO DE SANTANA,Caatinga
 1662777505 ,c64eeca1-5a6f-3fa9-81be-ccc10fd69c97,   -6.262770 ,  -37.810590 ,2023-12-01 16:17:00,Brasil,RIO GRANDE DO NORTE,JOÃO DIAS,Caatinga
 1662777506 ,2d858524-3227-31aa-90e6-b548beb7ec11,   -6.256820 ,  -37.816850 ,2023-12-01 16:17:00,Brasil,RIO GRANDE DO NORTE,JOÃO DIAS,Caatinga
 1662777507 ,8e778532-8e04-3e3a-8272-5a84d5e0a8d9,   -6.255100 ,  -37.804680 ,2023-12-01 16:17:00,Brasil,RIO GRANDE DO NORTE,ANTÔNIO MARTINS,Caatinga
 1662777508 ,20fe2404-27fa-3ec6-a46a-fc1f9cc81dc0,   -6.220180 ,  -35.565860 ,2023-12-01 16:17:00,Brasil,RIO GRANDE DO NORTE,SERRINHA,Caatinga
 1662777509 ,7c639353-9c40-3116-aa0c-bb5bba3b6d67,   -6.151680 ,  -37.876690 ,2023-12-01 16:17:00,Brasil,RIO GRANDE DO NORTE,FRUTUOSO GOMES,Caatinga
 1662777510 ,7f37cf3b-29a6-32e9-bea1-e66898e35202,   -6.079100 ,  -38.403500 ,2023-12-01 16:20:00,Brasil,RIO GRANDE DO NORTE,DOUTOR SEVERIANO,Caatinga
 1662777511 ,fb9a5ee0-1ef8-3fe7-9b79-25baf7ef6b0f,   -6.075800 ,  -38.410710 ,2023-12-01 16:20:00,Brasil,RIO GRANDE DO NORTE,DOUTOR SEVERIANO,Caatinga
 1662777524 ,2e5f0de9-f7f5-3598-b720-9e4b209b7400,   -5.554320 ,  -37.407540 ,2023-12-01 16:20:00,Brasil,RIO GRANDE DO NORTE,UPANEMA,Caatinga
 1662777525 ,f7015b76-0810-31fa-bedb-36b8a7252285,   -5.545960 ,  -37.420300 ,2023-12-01 16:20:00,Brasil,RIO GRANDE DO NORTE,GOVERNADOR DIX-SEPT ROSADO,Caatinga
 1662777535 ,3a114b80-ee28-3c59-b37b-938f3fa59179,   -5.161810 ,  -35.699810 ,2023-12-01 16:20:00,Brasil,RIO GRANDE DO NORTE,SÃO MIGUEL DO GOSTOSO,Caatinga
 1662777538 ,423a3892-1028-31e2-897c-45d956a40f82,   -4.916630 ,  -37.448310 ,2023-12-01 16:20:00,Brasil,RIO GRANDE DO NORTE,MOSSORÓ,Caatinga
 1662777539 ,b36d3c24-53bf-3c6a-8e0b-5f2387c0d2e8,   -4.915030 ,  -37.437190 ,2023-12-01 16:20:00,Brasil,RIO GRANDE DO NORTE,MOSSORÓ,Caatinga
 1662955742 ,e70c18d0-049e-3b8f-b367-501ef08e7717,   -5.606900 ,  -37.002770 ,2023-12-03 16:02:00,Brasil,RIO GRANDE DO NORTE,AÇU,Caatinga
 1662955744 ,789e5030-d55a-33ef-adf1-2c6cb0bdfb53,   -5.277120 ,  -36.881840 ,2023-12-03 16:02:00,Brasil,RIO GRANDE DO NORTE,CARNAUBAIS,Caatinga
 1663035396 ,c4a16b4d-0e20-3253-914c-b9c06cbd8638,   -6.095690 ,  -38.250700 ,2023-12-04 16:43:00,Brasil,RIO GRANDE DO NORTE,PAU DOS FERROS,Caatinga
 1663035422 ,8cb6e561-22e7-3c16-b436-7a2d49262b36,   -5.262720 ,  -36.883510 ,2023-12-04 16:43:00,Brasil,RIO GRANDE DO NORTE,CARNAUBAIS,Caatinga
 1663035423 ,c3b6580d-dcfc-343b-9e5c-ba642e85866b,   -5.260710 ,  -36.870330 ,2023-12-04 16:43:00,Brasil,RIO GRANDE DO NORTE,CARNAUBAIS,Caatinga
 1663035424 ,9947b6c8-63d5-39c2-93a4-8efff666038a,   -5.116570 ,  -36.918790 ,2023-12-04 16:43:00,Brasil,RIO GRANDE DO NORTE,PORTO DO MANGUE,Caatinga
 1663120338 ,c2b60825-0566-320f-80ed-74ce6c3ada0e,   -5.412140 ,  -35.524810 ,2023-12-05 15:48:00,Brasil,RIO GRANDE DO NORTE,PUREZA,Caatinga
 1663229978 ,7dce296b-e9e9-300e-b47e-e2c40696d46d,   -6.286100 ,  -38.513950 ,2023-12-06 16:28:00,Brasil,RIO GRANDE DO NORTE,SÃO MIGUEL,Caatinga
 1663229979 ,18c254f2-b9aa-37c8-addd-c72cf3a4a761,   -6.284720 ,  -38.504360 ,2023-12-06 16:28:00,Brasil,RIO GRANDE DO NORTE,SÃO MIGUEL,Caatinga
 1663229980 ,06d0f4a0-1d74-3598-b089-eb31c973e409,   -6.181650 ,  -38.306220 ,2023-12-06 16:28:00,Brasil,RIO GRANDE DO NORTE,ÁGUA NOVA,Caatinga
 1663229981 ,31e22cb4-ef16-36f7-afb3-619efb71d4af,   -6.085450 ,  -38.399190 ,2023-12-06 16:28:00,Brasil,RIO GRANDE DO NORTE,DOUTOR SEVERIANO,Caatinga
 1663229982 ,25aa035d-af1d-3de6-83b9-c5118c426ed5,   -6.058230 ,  -36.739200 ,2023-12-06 16:28:00,Brasil,RIO GRANDE DO NORTE,SANTANA DO MATOS,Caatinga
 1663229983 ,77c0e742-9f3a-380b-8fac-e12e75f936bb,   -6.056940 ,  -36.730320 ,2023-12-06 16:28:00,Brasil,RIO GRANDE DO NORTE,SANTANA DO MATOS,Caatinga
 1663229985 ,f4639b5e-9356-37cf-bd28-6c9727f4567d,   -5.909640 ,  -38.013230 ,2023-12-06 16:28:00,Brasil,RIO GRANDE DO NORTE,TABOLEIRO GRANDE,Caatinga
 1663229995 ,867ab41b-3fa5-31eb-be13-3605e31b1553,   -5.456280 ,  -37.612930 ,2023-12-06 16:28:00,Brasil,RIO GRANDE DO NORTE,GOVERNADOR DIX-SEPT ROSADO,Caatinga
 1663229996 ,4cefaa48-7288-3dca-a5f8-b92410f36051,   -5.431000 ,  -35.791030 ,2023-12-06 16:28:00,Brasil,RIO GRANDE DO NORTE,TOUROS,Caatinga
 1663229999 ,0033b7bd-19a1-36f7-ab7c-d3f9a30bc9f3,   -5.285480 ,  -35.675990 ,2023-12-06 16:28:00,Brasil,RIO GRANDE DO NORTE,TOUROS,Caatinga
 1663230000 ,549572b7-c6f8-3424-94d5-52b51b8751c4,   -5.284110 ,  -35.666650 ,2023-12-06 16:28:00,Brasil,RIO GRANDE DO NORTE,TOUROS,Caatinga
 1663230001 ,1330a4bc-4686-3197-ab4d-aa72845ddc8c,   -5.256770 ,  -35.670660 ,2023-12-06 16:28:00,Brasil,RIO GRANDE DO NORTE,TOUROS,Caatinga
 1663230002 ,3088fedd-8a82-3aae-9cc9-277bec03dcc7,   -5.114950 ,  -36.845040 ,2023-12-06 16:28:00,Brasil,RIO GRANDE DO NORTE,PORTO DO MANGUE,Caatinga
 1663464165 ,44c048a8-4af9-3f59-b15e-d5c55d696ff1,   -5.270780 ,  -35.692270 ,2023-12-08 16:13:00,Brasil,RIO GRANDE DO NORTE,TOUROS,Caatinga
 1663580500 ,4fa517fb-08dc-3d20-9656-8c4259516ba5,   -6.343760 ,  -38.158570 ,2023-12-09 16:54:00,Brasil,RIO GRANDE DO NORTE,MARCELINO VIEIRA,Caatinga
 1663580501 ,2b552893-f3a6-39ac-90a9-4021dc9814de,   -6.219970 ,  -38.319170 ,2023-12-09 16:54:00,Brasil,RIO GRANDE DO NORTE,ÁGUA NOVA,Caatinga
 1663580502 ,164afe71-7e5e-31b2-8b88-fd9b91780e2f,   -6.217580 ,  -38.312740 ,2023-12-09 16:54:00,Brasil,RIO GRANDE DO NORTE,ÁGUA NOVA,Caatinga
 1663681244 ,180c6d20-e380-32a4-acbc-95b086b8ddac,   -6.111730 ,  -38.410310 ,2023-12-10 15:58:00,Brasil,RIO GRANDE DO NORTE,DOUTOR SEVERIANO,Caatinga
 1663772834 ,773e6ca5-bc95-33bf-82dd-541885d05841,   -6.002550 ,  -37.791630 ,2023-12-11 16:39:00,Brasil,RIO GRANDE DO NORTE,UMARIZAL,Caatinga
 1663772835 ,782df573-fede-348f-82f5-218150eea3ee,   -5.963860 ,  -38.154030 ,2023-12-11 16:39:00,Brasil,RIO GRANDE DO NORTE,SÃO FRANCISCO DO OESTE,Caatinga
 1664005004 ,820e06e9-4175-3e0f-b6e6-399f8bed77f9,   -6.494210 ,  -38.118710 ,2023-12-13 16:24:00,Brasil,RIO GRANDE DO NORTE,TENENTE ANANIAS,Caatinga
 1664005006 ,b11dd2c2-8ba9-3d4d-a8c8-b4515c18064d,   -6.109170 ,  -37.933040 ,2023-12-13 16:24:00,Brasil,RIO GRANDE DO NORTE,MARTINS,Caatinga
 1664005007 ,c5a915e6-7906-30b6-aa3d-320b2d04538a,   -6.023100 ,  -38.046420 ,2023-12-13 16:24:00,Brasil,RIO GRANDE DO NORTE,PORTALEGRE,Caatinga
 1664005008 ,cd5c99c1-dc00-3f49-b2ac-87cfdb8e0036,   -6.021630 ,  -38.036170 ,2023-12-13 16:24:00,Brasil,RIO GRANDE DO NORTE,PORTALEGRE,Caatinga
 1664005010 ,ea32a19c-03d7-3aa9-87fc-a32da49a9c44,   -5.976340 ,  -37.990590 ,2023-12-13 16:24:00,Brasil,RIO GRANDE DO NORTE,RIACHO DA CRUZ,Caatinga
 1664005014 ,6716ff98-0e82-3396-85bf-62327b9541fa,   -5.727610 ,  -35.603400 ,2023-12-13 16:24:00,Brasil,RIO GRANDE DO NORTE,IELMO MARINHO,Caatinga
 1664005016 ,e602f478-a8ab-3b8d-81ed-de0dae200157,   -5.588390 ,  -35.726880 ,2023-12-13 16:24:00,Brasil,RIO GRANDE DO NORTE,POÇO BRANCO,Caatinga
 1664005017 ,b74dab5e-1c82-3c60-ac43-c18fb0bbe232,   -5.532680 ,  -37.899250 ,2023-12-13 16:24:00,Brasil,RIO GRANDE DO NORTE,APODI,Caatinga
 1664005018 ,f170f275-23ea-33aa-bc70-da05a095613e,   -5.531250 ,  -37.889260 ,2023-12-13 16:24:00,Brasil,RIO GRANDE DO NORTE,APODI,Caatinga
 1664005020 ,5bce6587-3846-3973-93f7-5e931d32d389,   -5.151420 ,  -37.676860 ,2023-12-13 16:24:00,Brasil,RIO GRANDE DO NORTE,BARAÚNA,Caatinga
 1664005021 ,af08a9b0-f641-37d6-abb1-b86f0e68db82,   -5.150020 ,  -37.667180 ,2023-12-13 16:24:00,Brasil,RIO GRANDE DO NORTE,BARAÚNA,Caatinga
 1664005022 ,4f77ea0f-eb1c-36c1-9c88-6fd9da4779fd,   -5.098450 ,  -36.995950 ,2023-12-13 16:24:00,Brasil,RIO GRANDE DO NORTE,SERRA DO MEL,Caatinga
 1664005023 ,6e08fb5d-a913-3e09-8ef3-17f5227d55a0,   -5.097130 ,  -36.986760 ,2023-12-13 16:24:00,Brasil,RIO GRANDE DO NORTE,SERRA DO MEL,Caatinga
 1664133546 ,aad083d5-5cfb-300e-ae26-35a49f6eca37,   -6.492660 ,  -38.121580 ,2023-12-14 17:04:00,Brasil,RIO GRANDE DO NORTE,TENENTE ANANIAS,Caatinga
 1664133547 ,93870130-cb28-35c5-b03a-8758077d1fe2,   -6.482320 ,  -38.149020 ,2023-12-14 17:04:00,Brasil,RIO GRANDE DO NORTE,TENENTE ANANIAS,Caatinga
 1664231020 ,7b6c0b7b-c2b7-3947-b39b-25e337422261,   -6.475210 ,  -38.284810 ,2023-12-15 16:09:00,Brasil,RIO GRANDE DO NORTE,PARANÁ,Caatinga
 1664231021 ,e8635105-d066-39c7-857c-519e8982ee7c,   -6.472340 ,  -38.280340 ,2023-12-15 16:09:00,Brasil,RIO GRANDE DO NORTE,PARANÁ,Caatinga
 1664231023 ,1a903f8c-fc04-3798-8912-43321ece927d,   -6.338780 ,  -38.349450 ,2023-12-15 16:09:00,Brasil,RIO GRANDE DO NORTE,LUÍS GOMES,Caatinga
 1664322823 ,d26d5bdd-76d3-31f3-a7ef-243cf55d75ba,   -4.938120 ,  -37.414240 ,2023-12-16 16:49:00,Brasil,RIO GRANDE DO NORTE,MOSSORÓ,Caatinga
 1665077527 ,4939c0f0-9085-3ada-865e-08e92edebe7a,   -6.323520 ,  -37.843610 ,2023-12-23 16:47:00,Brasil,RIO GRANDE DO NORTE,JOÃO DIAS,Caatinga
 1665292732 ,74fe887d-74aa-3dcd-8e16-d6dc71dec930,   -6.442740 ,  -35.279050 ,2023-12-25 16:30:00,Brasil,RIO GRANDE DO NORTE,PEDRO VELHO,Mata Atlântica
 1665292735 ,e998010a-4892-3ef2-ac6f-a0e58bb9113a,   -6.239710 ,  -38.441190 ,2023-12-25 16:30:00,Brasil,RIO GRANDE DO NORTE,CORONEL JOÃO PESSOA,Caatinga
 1665292737 ,a9b3af60-58a2-3141-b73a-654ae9ddd989,   -6.238360 ,  -38.431820 ,2023-12-25 16:30:00,Brasil,RIO GRANDE DO NORTE,CORONEL JOÃO PESSOA,Caatinga
 1665409361 ,1752d1dd-4b5d-39f1-9342-93e52f44fa95,   -6.208540 ,  -38.129620 ,2023-12-26 17:11:00,Brasil,RIO GRANDE DO NORTE,MARCELINO VIEIRA,Caatinga
 1665514275 ,9b8e0f61-6328-37e4-871e-3c6f5f974325,   -6.370120 ,  -38.016930 ,2023-12-27 16:15:00,Brasil,RIO GRANDE DO NORTE,ALEXANDRIA,Caatinga
 1665514277 ,14943f89-8c77-3be3-b2f9-792983587392,   -6.288180 ,  -37.835460 ,2023-12-27 16:15:00,Brasil,RIO GRANDE DO NORTE,JOÃO DIAS,Caatinga
 1665514278 ,cf0dea88-32c9-3f19-ac2f-260ca3eacf08,   -6.029890 ,  -38.039550 ,2023-12-27 16:15:00,Brasil,RIO GRANDE DO NORTE,PORTALEGRE,Caatinga
 1665514279 ,79996017-2744-30e6-8a6d-828561dff411,   -6.027840 ,  -38.024400 ,2023-12-27 16:15:00,Brasil,RIO GRANDE DO NORTE,PORTALEGRE,Caatinga
 1665630873 ,257d0076-957e-3b25-b2ef-d1034f17a0ef,   -6.454840 ,  -38.288190 ,2023-12-28 16:56:00,Brasil,RIO GRANDE DO NORTE,PARANÁ,Caatinga
 1665630874 ,b9bb9689-ddc9-3bec-9c77-14dee22feb9b,   -6.445550 ,  -38.279080 ,2023-12-28 16:56:00,Brasil,RIO GRANDE DO NORTE,PARANÁ,Caatinga
 1665630876 ,d569b4f6-29e0-360a-926c-32db1e067935,   -6.429680 ,  -38.329930 ,2023-12-28 16:56:00,Brasil,RIO GRANDE DO NORTE,MAJOR SALES,Caatinga
 1665630881 ,1d6844e1-5f47-35c8-9930-b193dfa9e8a1,   -6.284930 ,  -37.839730 ,2023-12-28 16:56:00,Brasil,RIO GRANDE DO NORTE,JOÃO DIAS,Caatinga
 1665630900 ,b6f356e4-fd79-34cf-bf59-fe7bc9b1dc02,   -5.954950 ,  -37.960670 ,2023-12-28 16:56:00,Brasil,RIO GRANDE DO NORTE,RIACHO DA CRUZ,Caatinga
 1665630902 ,12c02c0f-7a4f-32be-a1ab-057a48023d8c,   -5.949450 ,  -37.968560 ,2023-12-28 16:56:00,Brasil,RIO GRANDE DO NORTE,RIACHO DA CRUZ,Caatinga
 1665630903 ,52d6046e-756e-36e4-bc10-70fbc654afef,   -5.946840 ,  -37.951520 ,2023-12-28 16:56:00,Brasil,RIO GRANDE DO NORTE,RIACHO DA CRUZ,Caatinga
 1665630913 ,2b59f42a-cb40-3913-99e8-72246988080e,   -5.683910 ,  -38.028250 ,2023-12-28 16:56:00,Brasil,RIO GRANDE DO NORTE,APODI,Caatinga
 1665630914 ,d255661d-9d93-34e6-86a3-46bb12d3172e,   -5.681320 ,  -38.011250 ,2023-12-28 16:56:00,Brasil,RIO GRANDE DO NORTE,APODI,Caatinga
 1665630915 ,d6b0c70d-67c6-351c-9123-7ce8bbba4c02,   -5.675780 ,  -38.024160 ,2023-12-28 16:56:00,Brasil,RIO GRANDE DO NORTE,APODI,Caatinga
 1665902411 ,14661a7b-f899-39ac-85d1-b3ccb4909ec9,   -6.542720 ,  -37.396520 ,2023-12-30 16:41:00,Brasil,RIO GRANDE DO NORTE,SERRA NEGRA DO NORTE,Caatinga
 1665902413 ,40a41098-ff0b-374e-bd5b-5c02a1dc72e9,   -6.230160 ,  -38.453850 ,2023-12-30 16:41:00,Brasil,RIO GRANDE DO NORTE,CORONEL JOÃO PESSOA,Caatinga
 1665902418 ,dbe12233-6b6a-30fa-bf39-0dc5cdeb02e4,   -6.127230 ,  -38.447700 ,2023-12-30 16:41:00,Brasil,RIO GRANDE DO NORTE,DOUTOR SEVERIANO,Caatinga
 1665902419 ,9c763b7a-8420-3875-979f-da54a930b510,   -6.125860 ,  -38.438430 ,2023-12-30 16:41:00,Brasil,RIO GRANDE DO NORTE,DOUTOR SEVERIANO,Caatinga
 1665902421 ,f2049065-4d7d-3588-84cb-5d23ba4eec8a,   -6.047410 ,  -37.910520 ,2023-12-30 16:41:00,Brasil,RIO GRANDE DO NORTE,MARTINS,Caatinga
 1665902422 ,8295381c-bb67-38ec-b137-38cd26524472,   -6.046000 ,  -37.901070 ,2023-12-30 16:41:00,Brasil,RIO GRANDE DO NORTE,MARTINS,Caatinga
 1665902423 ,36ea2dd8-62b2-3fc6-89b4-7d170bbba5a2,   -6.004220 ,  -37.981980 ,2023-12-30 16:41:00,Brasil,RIO GRANDE DO NORTE,VIÇOSA,Caatinga
 1665902443 ,981434da-6379-38bc-8d69-b1607fd06865,   -5.319950 ,  -35.646270 ,2023-12-30 16:41:00,Brasil,RIO GRANDE DO NORTE,TOUROS,Caatinga
 1665902444 ,e56f4f52-b7c5-3526-a5c1-7250ed3557d1,   -5.317970 ,  -35.632950 ,2023-12-30 16:41:00,Brasil,RIO GRANDE DO NORTE,TOUROS,Caatinga
